study,lab,dataset,strategy,seed,repeat,budget,budget_unit,wall_seconds,cpu_seconds,peak_rss_kib,valid,objective,outcome,threads,executable_sha256,input_sha256,parameters,compiler,build_type,failure_reason
routing-study,Lab04,testcase0,layered,,0,0.5,routing wall seconds,0.016084329690784216,0.0,3728.0,True,1780.09,valid,1,eace3e0802f34439fd8c3f271955fed76489938a0c51b7380f6845aacb229754,"{""Lab04/tests/data/testcase0/testcase0.gmp"": ""fc8554cfe72713d4be067ed6c036158ce2342118e358844a80d1437e1fc5ecd0"", ""Lab04/tests/data/testcase0/testcase0.gcl"": ""aee1899e757333b2358951d4112798d4b40d4373de64aa9e1fb6a68478bcac7e"", ""Lab04/tests/data/testcase0/testcase0.cst"": ""a42292a2d17c25071f6ab43fb3e951f03b8185034e7b1d31c4af41e225b37604""}","[""--router"", ""layered"", ""--seconds"", ""0.5"", ""--stats""]",c++ (Ubuntu 11.4.0-1ubuntu1~22.04) 11.4.0,Release,
routing-study,Lab04,testcase0,reroute,,0,0.5,routing wall seconds,0.01676509203389287,0.0,4080.0,True,1780.09,valid,1,eace3e0802f34439fd8c3f271955fed76489938a0c51b7380f6845aacb229754,"{""Lab04/tests/data/testcase0/testcase0.gmp"": ""fc8554cfe72713d4be067ed6c036158ce2342118e358844a80d1437e1fc5ecd0"", ""Lab04/tests/data/testcase0/testcase0.gcl"": ""aee1899e757333b2358951d4112798d4b40d4373de64aa9e1fb6a68478bcac7e"", ""Lab04/tests/data/testcase0/testcase0.cst"": ""a42292a2d17c25071f6ab43fb3e951f03b8185034e7b1d31c4af41e225b37604""}","[""--router"", ""negotiated"", ""--history"", ""0"", ""--seconds"", ""0.5"", ""--stats""]",c++ (Ubuntu 11.4.0-1ubuntu1~22.04) 11.4.0,Release,
routing-study,Lab04,testcase0,history,,0,0.5,routing wall seconds,0.017704136669635773,0.0,3680.0,True,1780.09,valid,1,eace3e0802f34439fd8c3f271955fed76489938a0c51b7380f6845aacb229754,"{""Lab04/tests/data/testcase0/testcase0.gmp"": ""fc8554cfe72713d4be067ed6c036158ce2342118e358844a80d1437e1fc5ecd0"", ""Lab04/tests/data/testcase0/testcase0.gcl"": ""aee1899e757333b2358951d4112798d4b40d4373de64aa9e1fb6a68478bcac7e"", ""Lab04/tests/data/testcase0/testcase0.cst"": ""a42292a2d17c25071f6ab43fb3e951f03b8185034e7b1d31c4af41e225b37604""}","[""--router"", ""negotiated"", ""--history"", ""1"", ""--seconds"", ""0.5"", ""--stats""]",c++ (Ubuntu 11.4.0-1ubuntu1~22.04) 11.4.0,Release,
routing-study,Lab04,testcase0,reroute,,1,0.5,routing wall seconds,0.015795340295881033,0.0,3860.0,True,1780.09,valid,1,eace3e0802f34439fd8c3f271955fed76489938a0c51b7380f6845aacb229754,"{""Lab04/tests/data/testcase0/testcase0.gmp"": ""fc8554cfe72713d4be067ed6c036158ce2342118e358844a80d1437e1fc5ecd0"", ""Lab04/tests/data/testcase0/testcase0.gcl"": ""aee1899e757333b2358951d4112798d4b40d4373de64aa9e1fb6a68478bcac7e"", ""Lab04/tests/data/testcase0/testcase0.cst"": ""a42292a2d17c25071f6ab43fb3e951f03b8185034e7b1d31c4af41e225b37604""}","[""--router"", ""negotiated"", ""--history"", ""0"", ""--seconds"", ""0.5"", ""--stats""]",c++ (Ubuntu 11.4.0-1ubuntu1~22.04) 11.4.0,Release,
routing-study,Lab04,testcase0,history,,1,0.5,routing wall seconds,0.01571772200986743,0.0,3728.0,True,1780.09,valid,1,eace3e0802f34439fd8c3f271955fed76489938a0c51b7380f6845aacb229754,"{""Lab04/tests/data/testcase0/testcase0.gmp"": ""fc8554cfe72713d4be067ed6c036158ce2342118e358844a80d1437e1fc5ecd0"", ""Lab04/tests/data/testcase0/testcase0.gcl"": ""aee1899e757333b2358951d4112798d4b40d4373de64aa9e1fb6a68478bcac7e"", ""Lab04/tests/data/testcase0/testcase0.cst"": ""a42292a2d17c25071f6ab43fb3e951f03b8185034e7b1d31c4af41e225b37604""}","[""--router"", ""negotiated"", ""--history"", ""1"", ""--seconds"", ""0.5"", ""--stats""]",c++ (Ubuntu 11.4.0-1ubuntu1~22.04) 11.4.0,Release,
routing-study,Lab04,testcase0,layered,,1,0.5,routing wall seconds,0.013376644346863031,0.0,3684.0,True,1780.09,valid,1,eace3e0802f34439fd8c3f271955fed76489938a0c51b7380f6845aacb229754,"{""Lab04/tests/data/testcase0/testcase0.gmp"": ""fc8554cfe72713d4be067ed6c036158ce2342118e358844a80d1437e1fc5ecd0"", ""Lab04/tests/data/testcase0/testcase0.gcl"": ""aee1899e757333b2358951d4112798d4b40d4373de64aa9e1fb6a68478bcac7e"", ""Lab04/tests/data/testcase0/testcase0.cst"": ""a42292a2d17c25071f6ab43fb3e951f03b8185034e7b1d31c4af41e225b37604""}","[""--router"", ""layered"", ""--seconds"", ""0.5"", ""--stats""]",c++ (Ubuntu 11.4.0-1ubuntu1~22.04) 11.4.0,Release,
routing-study,Lab04,testcase0,history,,2,0.5,routing wall seconds,0.016813538037240505,0.0,3952.0,True,1780.09,valid,1,eace3e0802f34439fd8c3f271955fed76489938a0c51b7380f6845aacb229754,"{""Lab04/tests/data/testcase0/testcase0.gmp"": ""fc8554cfe72713d4be067ed6c036158ce2342118e358844a80d1437e1fc5ecd0"", ""Lab04/tests/data/testcase0/testcase0.gcl"": ""aee1899e757333b2358951d4112798d4b40d4373de64aa9e1fb6a68478bcac7e"", ""Lab04/tests/data/testcase0/testcase0.cst"": ""a42292a2d17c25071f6ab43fb3e951f03b8185034e7b1d31c4af41e225b37604""}","[""--router"", ""negotiated"", ""--history"", ""1"", ""--seconds"", ""0.5"", ""--stats""]",c++ (Ubuntu 11.4.0-1ubuntu1~22.04) 11.4.0,Release,
routing-study,Lab04,testcase0,layered,,2,0.5,routing wall seconds,0.013655890244990587,0.0,3788.0,True,1780.09,valid,1,eace3e0802f34439fd8c3f271955fed76489938a0c51b7380f6845aacb229754,"{""Lab04/tests/data/testcase0/testcase0.gmp"": ""fc8554cfe72713d4be067ed6c036158ce2342118e358844a80d1437e1fc5ecd0"", ""Lab04/tests/data/testcase0/testcase0.gcl"": ""aee1899e757333b2358951d4112798d4b40d4373de64aa9e1fb6a68478bcac7e"", ""Lab04/tests/data/testcase0/testcase0.cst"": ""a42292a2d17c25071f6ab43fb3e951f03b8185034e7b1d31c4af41e225b37604""}","[""--router"", ""layered"", ""--seconds"", ""0.5"", ""--stats""]",c++ (Ubuntu 11.4.0-1ubuntu1~22.04) 11.4.0,Release,
routing-study,Lab04,testcase0,reroute,,2,0.5,routing wall seconds,0.016549482010304928,0.0,4084.0,True,1780.09,valid,1,eace3e0802f34439fd8c3f271955fed76489938a0c51b7380f6845aacb229754,"{""Lab04/tests/data/testcase0/testcase0.gmp"": ""fc8554cfe72713d4be067ed6c036158ce2342118e358844a80d1437e1fc5ecd0"", ""Lab04/tests/data/testcase0/testcase0.gcl"": ""aee1899e757333b2358951d4112798d4b40d4373de64aa9e1fb6a68478bcac7e"", ""Lab04/tests/data/testcase0/testcase0.cst"": ""a42292a2d17c25071f6ab43fb3e951f03b8185034e7b1d31c4af41e225b37604""}","[""--router"", ""negotiated"", ""--history"", ""0"", ""--seconds"", ""0.5"", ""--stats""]",c++ (Ubuntu 11.4.0-1ubuntu1~22.04) 11.4.0,Release,
routing-study,Lab04,testcase0,layered,,0,2.0,routing wall seconds,0.015053286217153072,0.0,4080.0,True,1780.09,valid,1,eace3e0802f34439fd8c3f271955fed76489938a0c51b7380f6845aacb229754,"{""Lab04/tests/data/testcase0/testcase0.gmp"": ""fc8554cfe72713d4be067ed6c036158ce2342118e358844a80d1437e1fc5ecd0"", ""Lab04/tests/data/testcase0/testcase0.gcl"": ""aee1899e757333b2358951d4112798d4b40d4373de64aa9e1fb6a68478bcac7e"", ""Lab04/tests/data/testcase0/testcase0.cst"": ""a42292a2d17c25071f6ab43fb3e951f03b8185034e7b1d31c4af41e225b37604""}","[""--router"", ""layered"", ""--seconds"", ""2.0"", ""--stats""]",c++ (Ubuntu 11.4.0-1ubuntu1~22.04) 11.4.0,Release,
routing-study,Lab04,testcase0,reroute,,0,2.0,routing wall seconds,0.01744437264278531,0.0,3768.0,True,1780.09,valid,1,eace3e0802f34439fd8c3f271955fed76489938a0c51b7380f6845aacb229754,"{""Lab04/tests/data/testcase0/testcase0.gmp"": ""fc8554cfe72713d4be067ed6c036158ce2342118e358844a80d1437e1fc5ecd0"", ""Lab04/tests/data/testcase0/testcase0.gcl"": ""aee1899e757333b2358951d4112798d4b40d4373de64aa9e1fb6a68478bcac7e"", ""Lab04/tests/data/testcase0/testcase0.cst"": ""a42292a2d17c25071f6ab43fb3e951f03b8185034e7b1d31c4af41e225b37604""}","[""--router"", ""negotiated"", ""--history"", ""0"", ""--seconds"", ""2.0"", ""--stats""]",c++ (Ubuntu 11.4.0-1ubuntu1~22.04) 11.4.0,Release,
routing-study,Lab04,testcase0,history,,0,2.0,routing wall seconds,0.016734688077121973,0.0,3888.0,True,1780.09,valid,1,eace3e0802f34439fd8c3f271955fed76489938a0c51b7380f6845aacb229754,"{""Lab04/tests/data/testcase0/testcase0.gmp"": ""fc8554cfe72713d4be067ed6c036158ce2342118e358844a80d1437e1fc5ecd0"", ""Lab04/tests/data/testcase0/testcase0.gcl"": ""aee1899e757333b2358951d4112798d4b40d4373de64aa9e1fb6a68478bcac7e"", ""Lab04/tests/data/testcase0/testcase0.cst"": ""a42292a2d17c25071f6ab43fb3e951f03b8185034e7b1d31c4af41e225b37604""}","[""--router"", ""negotiated"", ""--history"", ""1"", ""--seconds"", ""2.0"", ""--stats""]",c++ (Ubuntu 11.4.0-1ubuntu1~22.04) 11.4.0,Release,
routing-study,Lab04,testcase0,reroute,,1,2.0,routing wall seconds,0.01639284798875451,0.0,3720.0,True,1780.09,valid,1,eace3e0802f34439fd8c3f271955fed76489938a0c51b7380f6845aacb229754,"{""Lab04/tests/data/testcase0/testcase0.gmp"": ""fc8554cfe72713d4be067ed6c036158ce2342118e358844a80d1437e1fc5ecd0"", ""Lab04/tests/data/testcase0/testcase0.gcl"": ""aee1899e757333b2358951d4112798d4b40d4373de64aa9e1fb6a68478bcac7e"", ""Lab04/tests/data/testcase0/testcase0.cst"": ""a42292a2d17c25071f6ab43fb3e951f03b8185034e7b1d31c4af41e225b37604""}","[""--router"", ""negotiated"", ""--history"", ""0"", ""--seconds"", ""2.0"", ""--stats""]",c++ (Ubuntu 11.4.0-1ubuntu1~22.04) 11.4.0,Release,
routing-study,Lab04,testcase0,history,,1,2.0,routing wall seconds,0.015648620203137398,0.0,3952.0,True,1780.09,valid,1,eace3e0802f34439fd8c3f271955fed76489938a0c51b7380f6845aacb229754,"{""Lab04/tests/data/testcase0/testcase0.gmp"": ""fc8554cfe72713d4be067ed6c036158ce2342118e358844a80d1437e1fc5ecd0"", ""Lab04/tests/data/testcase0/testcase0.gcl"": ""aee1899e757333b2358951d4112798d4b40d4373de64aa9e1fb6a68478bcac7e"", ""Lab04/tests/data/testcase0/testcase0.cst"": ""a42292a2d17c25071f6ab43fb3e951f03b8185034e7b1d31c4af41e225b37604""}","[""--router"", ""negotiated"", ""--history"", ""1"", ""--seconds"", ""2.0"", ""--stats""]",c++ (Ubuntu 11.4.0-1ubuntu1~22.04) 11.4.0,Release,
routing-study,Lab04,testcase0,layered,,1,2.0,routing wall seconds,0.01225954620167613,0.0,3764.0,True,1780.09,valid,1,eace3e0802f34439fd8c3f271955fed76489938a0c51b7380f6845aacb229754,"{""Lab04/tests/data/testcase0/testcase0.gmp"": ""fc8554cfe72713d4be067ed6c036158ce2342118e358844a80d1437e1fc5ecd0"", ""Lab04/tests/data/testcase0/testcase0.gcl"": ""aee1899e757333b2358951d4112798d4b40d4373de64aa9e1fb6a68478bcac7e"", ""Lab04/tests/data/testcase0/testcase0.cst"": ""a42292a2d17c25071f6ab43fb3e951f03b8185034e7b1d31c4af41e225b37604""}","[""--router"", ""layered"", ""--seconds"", ""2.0"", ""--stats""]",c++ (Ubuntu 11.4.0-1ubuntu1~22.04) 11.4.0,Release,
routing-study,Lab04,testcase0,history,,2,2.0,routing wall seconds,0.016446344088763,0.0,3860.0,True,1780.09,valid,1,eace3e0802f34439fd8c3f271955fed76489938a0c51b7380f6845aacb229754,"{""Lab04/tests/data/testcase0/testcase0.gmp"": ""fc8554cfe72713d4be067ed6c036158ce2342118e358844a80d1437e1fc5ecd0"", ""Lab04/tests/data/testcase0/testcase0.gcl"": ""aee1899e757333b2358951d4112798d4b40d4373de64aa9e1fb6a68478bcac7e"", ""Lab04/tests/data/testcase0/testcase0.cst"": ""a42292a2d17c25071f6ab43fb3e951f03b8185034e7b1d31c4af41e225b37604""}","[""--router"", ""negotiated"", ""--history"", ""1"", ""--seconds"", ""2.0"", ""--stats""]",c++ (Ubuntu 11.4.0-1ubuntu1~22.04) 11.4.0,Release,
routing-study,Lab04,testcase0,layered,,2,2.0,routing wall seconds,0.013294956181198359,0.0,3720.0,True,1780.09,valid,1,eace3e0802f34439fd8c3f271955fed76489938a0c51b7380f6845aacb229754,"{""Lab04/tests/data/testcase0/testcase0.gmp"": ""fc8554cfe72713d4be067ed6c036158ce2342118e358844a80d1437e1fc5ecd0"", ""Lab04/tests/data/testcase0/testcase0.gcl"": ""aee1899e757333b2358951d4112798d4b40d4373de64aa9e1fb6a68478bcac7e"", ""Lab04/tests/data/testcase0/testcase0.cst"": ""a42292a2d17c25071f6ab43fb3e951f03b8185034e7b1d31c4af41e225b37604""}","[""--router"", ""layered"", ""--seconds"", ""2.0"", ""--stats""]",c++ (Ubuntu 11.4.0-1ubuntu1~22.04) 11.4.0,Release,
routing-study,Lab04,testcase0,reroute,,2,2.0,routing wall seconds,0.01640986604616046,0.0,3720.0,True,1780.09,valid,1,eace3e0802f34439fd8c3f271955fed76489938a0c51b7380f6845aacb229754,"{""Lab04/tests/data/testcase0/testcase0.gmp"": ""fc8554cfe72713d4be067ed6c036158ce2342118e358844a80d1437e1fc5ecd0"", ""Lab04/tests/data/testcase0/testcase0.gcl"": ""aee1899e757333b2358951d4112798d4b40d4373de64aa9e1fb6a68478bcac7e"", ""Lab04/tests/data/testcase0/testcase0.cst"": ""a42292a2d17c25071f6ab43fb3e951f03b8185034e7b1d31c4af41e225b37604""}","[""--router"", ""negotiated"", ""--history"", ""0"", ""--seconds"", ""2.0"", ""--stats""]",c++ (Ubuntu 11.4.0-1ubuntu1~22.04) 11.4.0,Release,
routing-study,Lab04,testcase1,layered,,0,0.5,routing wall seconds,0.018521851859986782,0.0,4124.0,True,6341.41,valid,1,eace3e0802f34439fd8c3f271955fed76489938a0c51b7380f6845aacb229754,"{""Lab04/tests/data/testcase1/testcase1.gmp"": ""00b9e4a60d88962ec3fae5905969848f4afef88f1bd58fecf1779f036693cccb"", ""Lab04/tests/data/testcase1/testcase1.gcl"": ""9b7e4ccd881195ad9ac7309e029661b9bc877e06d26df8b32c83f784e9d14dbe"", ""Lab04/tests/data/testcase1/testcase1.cst"": ""048ca7c40731455314791113d34106f38f5b2b88b2b8c5cc7660f289bccc1793""}","[""--router"", ""layered"", ""--seconds"", ""0.5"", ""--stats""]",c++ (Ubuntu 11.4.0-1ubuntu1~22.04) 11.4.0,Release,
routing-study,Lab04,testcase1,reroute,,0,0.5,routing wall seconds,0.03199687600135803,0.02,4132.0,True,6341.41,valid,1,eace3e0802f34439fd8c3f271955fed76489938a0c51b7380f6845aacb229754,"{""Lab04/tests/data/testcase1/testcase1.gmp"": ""00b9e4a60d88962ec3fae5905969848f4afef88f1bd58fecf1779f036693cccb"", ""Lab04/tests/data/testcase1/testcase1.gcl"": ""9b7e4ccd881195ad9ac7309e029661b9bc877e06d26df8b32c83f784e9d14dbe"", ""Lab04/tests/data/testcase1/testcase1.cst"": ""048ca7c40731455314791113d34106f38f5b2b88b2b8c5cc7660f289bccc1793""}","[""--router"", ""negotiated"", ""--history"", ""0"", ""--seconds"", ""0.5"", ""--stats""]",c++ (Ubuntu 11.4.0-1ubuntu1~22.04) 11.4.0,Release,
routing-study,Lab04,testcase1,history,,0,0.5,routing wall seconds,0.030268564820289612,0.01,3816.0,True,6341.41,valid,1,eace3e0802f34439fd8c3f271955fed76489938a0c51b7380f6845aacb229754,"{""Lab04/tests/data/testcase1/testcase1.gmp"": ""00b9e4a60d88962ec3fae5905969848f4afef88f1bd58fecf1779f036693cccb"", ""Lab04/tests/data/testcase1/testcase1.gcl"": ""9b7e4ccd881195ad9ac7309e029661b9bc877e06d26df8b32c83f784e9d14dbe"", ""Lab04/tests/data/testcase1/testcase1.cst"": ""048ca7c40731455314791113d34106f38f5b2b88b2b8c5cc7660f289bccc1793""}","[""--router"", ""negotiated"", ""--history"", ""1"", ""--seconds"", ""0.5"", ""--stats""]",c++ (Ubuntu 11.4.0-1ubuntu1~22.04) 11.4.0,Release,
routing-study,Lab04,testcase1,reroute,,1,0.5,routing wall seconds,0.03283661790192127,0.01,4004.0,True,6341.41,valid,1,eace3e0802f34439fd8c3f271955fed76489938a0c51b7380f6845aacb229754,"{""Lab04/tests/data/testcase1/testcase1.gmp"": ""00b9e4a60d88962ec3fae5905969848f4afef88f1bd58fecf1779f036693cccb"", ""Lab04/tests/data/testcase1/testcase1.gcl"": ""9b7e4ccd881195ad9ac7309e029661b9bc877e06d26df8b32c83f784e9d14dbe"", ""Lab04/tests/data/testcase1/testcase1.cst"": ""048ca7c40731455314791113d34106f38f5b2b88b2b8c5cc7660f289bccc1793""}","[""--router"", ""negotiated"", ""--history"", ""0"", ""--seconds"", ""0.5"", ""--stats""]",c++ (Ubuntu 11.4.0-1ubuntu1~22.04) 11.4.0,Release,
routing-study,Lab04,testcase1,history,,1,0.5,routing wall seconds,0.031771223060786724,0.02,4128.0,True,6341.41,valid,1,eace3e0802f34439fd8c3f271955fed76489938a0c51b7380f6845aacb229754,"{""Lab04/tests/data/testcase1/testcase1.gmp"": ""00b9e4a60d88962ec3fae5905969848f4afef88f1bd58fecf1779f036693cccb"", ""Lab04/tests/data/testcase1/testcase1.gcl"": ""9b7e4ccd881195ad9ac7309e029661b9bc877e06d26df8b32c83f784e9d14dbe"", ""Lab04/tests/data/testcase1/testcase1.cst"": ""048ca7c40731455314791113d34106f38f5b2b88b2b8c5cc7660f289bccc1793""}","[""--router"", ""negotiated"", ""--history"", ""1"", ""--seconds"", ""0.5"", ""--stats""]",c++ (Ubuntu 11.4.0-1ubuntu1~22.04) 11.4.0,Release,
routing-study,Lab04,testcase1,layered,,1,0.5,routing wall seconds,0.018323387950658798,0.0,3768.0,True,6341.41,valid,1,eace3e0802f34439fd8c3f271955fed76489938a0c51b7380f6845aacb229754,"{""Lab04/tests/data/testcase1/testcase1.gmp"": ""00b9e4a60d88962ec3fae5905969848f4afef88f1bd58fecf1779f036693cccb"", ""Lab04/tests/data/testcase1/testcase1.gcl"": ""9b7e4ccd881195ad9ac7309e029661b9bc877e06d26df8b32c83f784e9d14dbe"", ""Lab04/tests/data/testcase1/testcase1.cst"": ""048ca7c40731455314791113d34106f38f5b2b88b2b8c5cc7660f289bccc1793""}","[""--router"", ""layered"", ""--seconds"", ""0.5"", ""--stats""]",c++ (Ubuntu 11.4.0-1ubuntu1~22.04) 11.4.0,Release,
routing-study,Lab04,testcase1,history,,2,0.5,routing wall seconds,0.03258968936279416,0.02,3836.0,True,6341.41,valid,1,eace3e0802f34439fd8c3f271955fed76489938a0c51b7380f6845aacb229754,"{""Lab04/tests/data/testcase1/testcase1.gmp"": ""00b9e4a60d88962ec3fae5905969848f4afef88f1bd58fecf1779f036693cccb"", ""Lab04/tests/data/testcase1/testcase1.gcl"": ""9b7e4ccd881195ad9ac7309e029661b9bc877e06d26df8b32c83f784e9d14dbe"", ""Lab04/tests/data/testcase1/testcase1.cst"": ""048ca7c40731455314791113d34106f38f5b2b88b2b8c5cc7660f289bccc1793""}","[""--router"", ""negotiated"", ""--history"", ""1"", ""--seconds"", ""0.5"", ""--stats""]",c++ (Ubuntu 11.4.0-1ubuntu1~22.04) 11.4.0,Release,
routing-study,Lab04,testcase1,layered,,2,0.5,routing wall seconds,0.01867425488308072,0.0,4116.0,True,6341.41,valid,1,eace3e0802f34439fd8c3f271955fed76489938a0c51b7380f6845aacb229754,"{""Lab04/tests/data/testcase1/testcase1.gmp"": ""00b9e4a60d88962ec3fae5905969848f4afef88f1bd58fecf1779f036693cccb"", ""Lab04/tests/data/testcase1/testcase1.gcl"": ""9b7e4ccd881195ad9ac7309e029661b9bc877e06d26df8b32c83f784e9d14dbe"", ""Lab04/tests/data/testcase1/testcase1.cst"": ""048ca7c40731455314791113d34106f38f5b2b88b2b8c5cc7660f289bccc1793""}","[""--router"", ""layered"", ""--seconds"", ""0.5"", ""--stats""]",c++ (Ubuntu 11.4.0-1ubuntu1~22.04) 11.4.0,Release,
routing-study,Lab04,testcase1,reroute,,2,0.5,routing wall seconds,0.030146386940032244,0.01,4000.0,True,6341.41,valid,1,eace3e0802f34439fd8c3f271955fed76489938a0c51b7380f6845aacb229754,"{""Lab04/tests/data/testcase1/testcase1.gmp"": ""00b9e4a60d88962ec3fae5905969848f4afef88f1bd58fecf1779f036693cccb"", ""Lab04/tests/data/testcase1/testcase1.gcl"": ""9b7e4ccd881195ad9ac7309e029661b9bc877e06d26df8b32c83f784e9d14dbe"", ""Lab04/tests/data/testcase1/testcase1.cst"": ""048ca7c40731455314791113d34106f38f5b2b88b2b8c5cc7660f289bccc1793""}","[""--router"", ""negotiated"", ""--history"", ""0"", ""--seconds"", ""0.5"", ""--stats""]",c++ (Ubuntu 11.4.0-1ubuntu1~22.04) 11.4.0,Release,
routing-study,Lab04,testcase1,layered,,0,2.0,routing wall seconds,0.015324629377573729,0.0,3728.0,True,6341.41,valid,1,eace3e0802f34439fd8c3f271955fed76489938a0c51b7380f6845aacb229754,"{""Lab04/tests/data/testcase1/testcase1.gmp"": ""00b9e4a60d88962ec3fae5905969848f4afef88f1bd58fecf1779f036693cccb"", ""Lab04/tests/data/testcase1/testcase1.gcl"": ""9b7e4ccd881195ad9ac7309e029661b9bc877e06d26df8b32c83f784e9d14dbe"", ""Lab04/tests/data/testcase1/testcase1.cst"": ""048ca7c40731455314791113d34106f38f5b2b88b2b8c5cc7660f289bccc1793""}","[""--router"", ""layered"", ""--seconds"", ""2.0"", ""--stats""]",c++ (Ubuntu 11.4.0-1ubuntu1~22.04) 11.4.0,Release,
routing-study,Lab04,testcase1,reroute,,0,2.0,routing wall seconds,0.03244865918532014,0.02,4060.0,True,6341.41,valid,1,eace3e0802f34439fd8c3f271955fed76489938a0c51b7380f6845aacb229754,"{""Lab04/tests/data/testcase1/testcase1.gmp"": ""00b9e4a60d88962ec3fae5905969848f4afef88f1bd58fecf1779f036693cccb"", ""Lab04/tests/data/testcase1/testcase1.gcl"": ""9b7e4ccd881195ad9ac7309e029661b9bc877e06d26df8b32c83f784e9d14dbe"", ""Lab04/tests/data/testcase1/testcase1.cst"": ""048ca7c40731455314791113d34106f38f5b2b88b2b8c5cc7660f289bccc1793""}","[""--router"", ""negotiated"", ""--history"", ""0"", ""--seconds"", ""2.0"", ""--stats""]",c++ (Ubuntu 11.4.0-1ubuntu1~22.04) 11.4.0,Release,
routing-study,Lab04,testcase1,history,,0,2.0,routing wall seconds,0.03137337416410446,0.02,3728.0,True,6341.41,valid,1,eace3e0802f34439fd8c3f271955fed76489938a0c51b7380f6845aacb229754,"{""Lab04/tests/data/testcase1/testcase1.gmp"": ""00b9e4a60d88962ec3fae5905969848f4afef88f1bd58fecf1779f036693cccb"", ""Lab04/tests/data/testcase1/testcase1.gcl"": ""9b7e4ccd881195ad9ac7309e029661b9bc877e06d26df8b32c83f784e9d14dbe"", ""Lab04/tests/data/testcase1/testcase1.cst"": ""048ca7c40731455314791113d34106f38f5b2b88b2b8c5cc7660f289bccc1793""}","[""--router"", ""negotiated"", ""--history"", ""1"", ""--seconds"", ""2.0"", ""--stats""]",c++ (Ubuntu 11.4.0-1ubuntu1~22.04) 11.4.0,Release,
routing-study,Lab04,testcase1,reroute,,1,2.0,routing wall seconds,0.03221873799338937,0.01,4064.0,True,6341.41,valid,1,eace3e0802f34439fd8c3f271955fed76489938a0c51b7380f6845aacb229754,"{""Lab04/tests/data/testcase1/testcase1.gmp"": ""00b9e4a60d88962ec3fae5905969848f4afef88f1bd58fecf1779f036693cccb"", ""Lab04/tests/data/testcase1/testcase1.gcl"": ""9b7e4ccd881195ad9ac7309e029661b9bc877e06d26df8b32c83f784e9d14dbe"", ""Lab04/tests/data/testcase1/testcase1.cst"": ""048ca7c40731455314791113d34106f38f5b2b88b2b8c5cc7660f289bccc1793""}","[""--router"", ""negotiated"", ""--history"", ""0"", ""--seconds"", ""2.0"", ""--stats""]",c++ (Ubuntu 11.4.0-1ubuntu1~22.04) 11.4.0,Release,
routing-study,Lab04,testcase1,history,,1,2.0,routing wall seconds,0.03258497267961502,0.02,3808.0,True,6341.41,valid,1,eace3e0802f34439fd8c3f271955fed76489938a0c51b7380f6845aacb229754,"{""Lab04/tests/data/testcase1/testcase1.gmp"": ""00b9e4a60d88962ec3fae5905969848f4afef88f1bd58fecf1779f036693cccb"", ""Lab04/tests/data/testcase1/testcase1.gcl"": ""9b7e4ccd881195ad9ac7309e029661b9bc877e06d26df8b32c83f784e9d14dbe"", ""Lab04/tests/data/testcase1/testcase1.cst"": ""048ca7c40731455314791113d34106f38f5b2b88b2b8c5cc7660f289bccc1793""}","[""--router"", ""negotiated"", ""--history"", ""1"", ""--seconds"", ""2.0"", ""--stats""]",c++ (Ubuntu 11.4.0-1ubuntu1~22.04) 11.4.0,Release,
routing-study,Lab04,testcase1,layered,,1,2.0,routing wall seconds,0.01736397622153163,0.0,3820.0,True,6341.41,valid,1,eace3e0802f34439fd8c3f271955fed76489938a0c51b7380f6845aacb229754,"{""Lab04/tests/data/testcase1/testcase1.gmp"": ""00b9e4a60d88962ec3fae5905969848f4afef88f1bd58fecf1779f036693cccb"", ""Lab04/tests/data/testcase1/testcase1.gcl"": ""9b7e4ccd881195ad9ac7309e029661b9bc877e06d26df8b32c83f784e9d14dbe"", ""Lab04/tests/data/testcase1/testcase1.cst"": ""048ca7c40731455314791113d34106f38f5b2b88b2b8c5cc7660f289bccc1793""}","[""--router"", ""layered"", ""--seconds"", ""2.0"", ""--stats""]",c++ (Ubuntu 11.4.0-1ubuntu1~22.04) 11.4.0,Release,
routing-study,Lab04,testcase1,history,,2,2.0,routing wall seconds,0.03302609920501709,0.01,3836.0,True,6341.41,valid,1,eace3e0802f34439fd8c3f271955fed76489938a0c51b7380f6845aacb229754,"{""Lab04/tests/data/testcase1/testcase1.gmp"": ""00b9e4a60d88962ec3fae5905969848f4afef88f1bd58fecf1779f036693cccb"", ""Lab04/tests/data/testcase1/testcase1.gcl"": ""9b7e4ccd881195ad9ac7309e029661b9bc877e06d26df8b32c83f784e9d14dbe"", ""Lab04/tests/data/testcase1/testcase1.cst"": ""048ca7c40731455314791113d34106f38f5b2b88b2b8c5cc7660f289bccc1793""}","[""--router"", ""negotiated"", ""--history"", ""1"", ""--seconds"", ""2.0"", ""--stats""]",c++ (Ubuntu 11.4.0-1ubuntu1~22.04) 11.4.0,Release,
routing-study,Lab04,testcase1,layered,,2,2.0,routing wall seconds,0.017998029943555593,0.0,3936.0,True,6341.41,valid,1,eace3e0802f34439fd8c3f271955fed76489938a0c51b7380f6845aacb229754,"{""Lab04/tests/data/testcase1/testcase1.gmp"": ""00b9e4a60d88962ec3fae5905969848f4afef88f1bd58fecf1779f036693cccb"", ""Lab04/tests/data/testcase1/testcase1.gcl"": ""9b7e4ccd881195ad9ac7309e029661b9bc877e06d26df8b32c83f784e9d14dbe"", ""Lab04/tests/data/testcase1/testcase1.cst"": ""048ca7c40731455314791113d34106f38f5b2b88b2b8c5cc7660f289bccc1793""}","[""--router"", ""layered"", ""--seconds"", ""2.0"", ""--stats""]",c++ (Ubuntu 11.4.0-1ubuntu1~22.04) 11.4.0,Release,
routing-study,Lab04,testcase1,reroute,,2,2.0,routing wall seconds,0.0343218669295311,0.01,3784.0,True,6341.41,valid,1,eace3e0802f34439fd8c3f271955fed76489938a0c51b7380f6845aacb229754,"{""Lab04/tests/data/testcase1/testcase1.gmp"": ""00b9e4a60d88962ec3fae5905969848f4afef88f1bd58fecf1779f036693cccb"", ""Lab04/tests/data/testcase1/testcase1.gcl"": ""9b7e4ccd881195ad9ac7309e029661b9bc877e06d26df8b32c83f784e9d14dbe"", ""Lab04/tests/data/testcase1/testcase1.cst"": ""048ca7c40731455314791113d34106f38f5b2b88b2b8c5cc7660f289bccc1793""}","[""--router"", ""negotiated"", ""--history"", ""0"", ""--seconds"", ""2.0"", ""--stats""]",c++ (Ubuntu 11.4.0-1ubuntu1~22.04) 11.4.0,Release,
routing-study,Lab04,testcase2,layered,,0,0.5,routing wall seconds,0.432002245914191,0.41,5772.0,True,136686.48,valid,1,eace3e0802f34439fd8c3f271955fed76489938a0c51b7380f6845aacb229754,"{""Lab04/tests/data/testcase2/testcase2.gmp"": ""40675837fa48e90b100a36688a0875c0a5a6fab3274bf3dbee2ebd1ed9093395"", ""Lab04/tests/data/testcase2/testcase2.gcl"": ""a42fa98bd85345713580257c69b5b523f87738131e4395ea2627c4b36f9ffb9b"", ""Lab04/tests/data/testcase2/testcase2.cst"": ""897a7a02a0dfc256f8ed60b93e1586b7dd0ae1bd926aa6bf9f4ae4e09bfe96ae""}","[""--router"", ""layered"", ""--seconds"", ""0.5"", ""--stats""]",c++ (Ubuntu 11.4.0-1ubuntu1~22.04) 11.4.0,Release,
routing-study,Lab04,testcase2,reroute,,0,0.5,routing wall seconds,0.5377467800863087,0.52,5908.0,True,136686.48,valid,1,eace3e0802f34439fd8c3f271955fed76489938a0c51b7380f6845aacb229754,"{""Lab04/tests/data/testcase2/testcase2.gmp"": ""40675837fa48e90b100a36688a0875c0a5a6fab3274bf3dbee2ebd1ed9093395"", ""Lab04/tests/data/testcase2/testcase2.gcl"": ""a42fa98bd85345713580257c69b5b523f87738131e4395ea2627c4b36f9ffb9b"", ""Lab04/tests/data/testcase2/testcase2.cst"": ""897a7a02a0dfc256f8ed60b93e1586b7dd0ae1bd926aa6bf9f4ae4e09bfe96ae""}","[""--router"", ""negotiated"", ""--history"", ""0"", ""--seconds"", ""0.5"", ""--stats""]",c++ (Ubuntu 11.4.0-1ubuntu1~22.04) 11.4.0,Release,
routing-study,Lab04,testcase2,history,,0,0.5,routing wall seconds,0.5366888581775129,0.52,5928.0,True,136686.48,valid,1,eace3e0802f34439fd8c3f271955fed76489938a0c51b7380f6845aacb229754,"{""Lab04/tests/data/testcase2/testcase2.gmp"": ""40675837fa48e90b100a36688a0875c0a5a6fab3274bf3dbee2ebd1ed9093395"", ""Lab04/tests/data/testcase2/testcase2.gcl"": ""a42fa98bd85345713580257c69b5b523f87738131e4395ea2627c4b36f9ffb9b"", ""Lab04/tests/data/testcase2/testcase2.cst"": ""897a7a02a0dfc256f8ed60b93e1586b7dd0ae1bd926aa6bf9f4ae4e09bfe96ae""}","[""--router"", ""negotiated"", ""--history"", ""1"", ""--seconds"", ""0.5"", ""--stats""]",c++ (Ubuntu 11.4.0-1ubuntu1~22.04) 11.4.0,Release,
routing-study,Lab04,testcase2,reroute,,1,0.5,routing wall seconds,0.5301756761036813,0.51,5756.0,True,136686.48,valid,1,eace3e0802f34439fd8c3f271955fed76489938a0c51b7380f6845aacb229754,"{""Lab04/tests/data/testcase2/testcase2.gmp"": ""40675837fa48e90b100a36688a0875c0a5a6fab3274bf3dbee2ebd1ed9093395"", ""Lab04/tests/data/testcase2/testcase2.gcl"": ""a42fa98bd85345713580257c69b5b523f87738131e4395ea2627c4b36f9ffb9b"", ""Lab04/tests/data/testcase2/testcase2.cst"": ""897a7a02a0dfc256f8ed60b93e1586b7dd0ae1bd926aa6bf9f4ae4e09bfe96ae""}","[""--router"", ""negotiated"", ""--history"", ""0"", ""--seconds"", ""0.5"", ""--stats""]",c++ (Ubuntu 11.4.0-1ubuntu1~22.04) 11.4.0,Release,
routing-study,Lab04,testcase2,history,,1,0.5,routing wall seconds,0.5378214628435671,0.52,5900.0,True,136686.48,valid,1,eace3e0802f34439fd8c3f271955fed76489938a0c51b7380f6845aacb229754,"{""Lab04/tests/data/testcase2/testcase2.gmp"": ""40675837fa48e90b100a36688a0875c0a5a6fab3274bf3dbee2ebd1ed9093395"", ""Lab04/tests/data/testcase2/testcase2.gcl"": ""a42fa98bd85345713580257c69b5b523f87738131e4395ea2627c4b36f9ffb9b"", ""Lab04/tests/data/testcase2/testcase2.cst"": ""897a7a02a0dfc256f8ed60b93e1586b7dd0ae1bd926aa6bf9f4ae4e09bfe96ae""}","[""--router"", ""negotiated"", ""--history"", ""1"", ""--seconds"", ""0.5"", ""--stats""]",c++ (Ubuntu 11.4.0-1ubuntu1~22.04) 11.4.0,Release,
routing-study,Lab04,testcase2,layered,,1,0.5,routing wall seconds,0.35994713800027966,0.34,5716.0,True,136686.48,valid,1,eace3e0802f34439fd8c3f271955fed76489938a0c51b7380f6845aacb229754,"{""Lab04/tests/data/testcase2/testcase2.gmp"": ""40675837fa48e90b100a36688a0875c0a5a6fab3274bf3dbee2ebd1ed9093395"", ""Lab04/tests/data/testcase2/testcase2.gcl"": ""a42fa98bd85345713580257c69b5b523f87738131e4395ea2627c4b36f9ffb9b"", ""Lab04/tests/data/testcase2/testcase2.cst"": ""897a7a02a0dfc256f8ed60b93e1586b7dd0ae1bd926aa6bf9f4ae4e09bfe96ae""}","[""--router"", ""layered"", ""--seconds"", ""0.5"", ""--stats""]",c++ (Ubuntu 11.4.0-1ubuntu1~22.04) 11.4.0,Release,
routing-study,Lab04,testcase2,history,,2,0.5,routing wall seconds,0.5374053842388093,0.51,5720.0,True,136686.48,valid,1,eace3e0802f34439fd8c3f271955fed76489938a0c51b7380f6845aacb229754,"{""Lab04/tests/data/testcase2/testcase2.gmp"": ""40675837fa48e90b100a36688a0875c0a5a6fab3274bf3dbee2ebd1ed9093395"", ""Lab04/tests/data/testcase2/testcase2.gcl"": ""a42fa98bd85345713580257c69b5b523f87738131e4395ea2627c4b36f9ffb9b"", ""Lab04/tests/data/testcase2/testcase2.cst"": ""897a7a02a0dfc256f8ed60b93e1586b7dd0ae1bd926aa6bf9f4ae4e09bfe96ae""}","[""--router"", ""negotiated"", ""--history"", ""1"", ""--seconds"", ""0.5"", ""--stats""]",c++ (Ubuntu 11.4.0-1ubuntu1~22.04) 11.4.0,Release,
routing-study,Lab04,testcase2,layered,,2,0.5,routing wall seconds,0.3980820286087692,0.37,5772.0,True,136686.48,valid,1,eace3e0802f34439fd8c3f271955fed76489938a0c51b7380f6845aacb229754,"{""Lab04/tests/data/testcase2/testcase2.gmp"": ""40675837fa48e90b100a36688a0875c0a5a6fab3274bf3dbee2ebd1ed9093395"", ""Lab04/tests/data/testcase2/testcase2.gcl"": ""a42fa98bd85345713580257c69b5b523f87738131e4395ea2627c4b36f9ffb9b"", ""Lab04/tests/data/testcase2/testcase2.cst"": ""897a7a02a0dfc256f8ed60b93e1586b7dd0ae1bd926aa6bf9f4ae4e09bfe96ae""}","[""--router"", ""layered"", ""--seconds"", ""0.5"", ""--stats""]",c++ (Ubuntu 11.4.0-1ubuntu1~22.04) 11.4.0,Release,
routing-study,Lab04,testcase2,reroute,,2,0.5,routing wall seconds,0.5373100121505558,0.52,5812.0,True,136686.48,valid,1,eace3e0802f34439fd8c3f271955fed76489938a0c51b7380f6845aacb229754,"{""Lab04/tests/data/testcase2/testcase2.gmp"": ""40675837fa48e90b100a36688a0875c0a5a6fab3274bf3dbee2ebd1ed9093395"", ""Lab04/tests/data/testcase2/testcase2.gcl"": ""a42fa98bd85345713580257c69b5b523f87738131e4395ea2627c4b36f9ffb9b"", ""Lab04/tests/data/testcase2/testcase2.cst"": ""897a7a02a0dfc256f8ed60b93e1586b7dd0ae1bd926aa6bf9f4ae4e09bfe96ae""}","[""--router"", ""negotiated"", ""--history"", ""0"", ""--seconds"", ""0.5"", ""--stats""]",c++ (Ubuntu 11.4.0-1ubuntu1~22.04) 11.4.0,Release,
routing-study,Lab04,testcase2,layered,,0,2.0,routing wall seconds,0.40107238944619894,0.38,5804.0,True,136686.48,valid,1,eace3e0802f34439fd8c3f271955fed76489938a0c51b7380f6845aacb229754,"{""Lab04/tests/data/testcase2/testcase2.gmp"": ""40675837fa48e90b100a36688a0875c0a5a6fab3274bf3dbee2ebd1ed9093395"", ""Lab04/tests/data/testcase2/testcase2.gcl"": ""a42fa98bd85345713580257c69b5b523f87738131e4395ea2627c4b36f9ffb9b"", ""Lab04/tests/data/testcase2/testcase2.cst"": ""897a7a02a0dfc256f8ed60b93e1586b7dd0ae1bd926aa6bf9f4ae4e09bfe96ae""}","[""--router"", ""layered"", ""--seconds"", ""2.0"", ""--stats""]",c++ (Ubuntu 11.4.0-1ubuntu1~22.04) 11.4.0,Release,
routing-study,Lab04,testcase2,reroute,,0,2.0,routing wall seconds,1.5945763387717307,1.58,5936.0,True,136686.48,valid,1,eace3e0802f34439fd8c3f271955fed76489938a0c51b7380f6845aacb229754,"{""Lab04/tests/data/testcase2/testcase2.gmp"": ""40675837fa48e90b100a36688a0875c0a5a6fab3274bf3dbee2ebd1ed9093395"", ""Lab04/tests/data/testcase2/testcase2.gcl"": ""a42fa98bd85345713580257c69b5b523f87738131e4395ea2627c4b36f9ffb9b"", ""Lab04/tests/data/testcase2/testcase2.cst"": ""897a7a02a0dfc256f8ed60b93e1586b7dd0ae1bd926aa6bf9f4ae4e09bfe96ae""}","[""--router"", ""negotiated"", ""--history"", ""0"", ""--seconds"", ""2.0"", ""--stats""]",c++ (Ubuntu 11.4.0-1ubuntu1~22.04) 11.4.0,Release,
routing-study,Lab04,testcase2,history,,0,2.0,routing wall seconds,1.6009224448353052,1.58,5932.0,True,136686.48,valid,1,eace3e0802f34439fd8c3f271955fed76489938a0c51b7380f6845aacb229754,"{""Lab04/tests/data/testcase2/testcase2.gmp"": ""40675837fa48e90b100a36688a0875c0a5a6fab3274bf3dbee2ebd1ed9093395"", ""Lab04/tests/data/testcase2/testcase2.gcl"": ""a42fa98bd85345713580257c69b5b523f87738131e4395ea2627c4b36f9ffb9b"", ""Lab04/tests/data/testcase2/testcase2.cst"": ""897a7a02a0dfc256f8ed60b93e1586b7dd0ae1bd926aa6bf9f4ae4e09bfe96ae""}","[""--router"", ""negotiated"", ""--history"", ""1"", ""--seconds"", ""2.0"", ""--stats""]",c++ (Ubuntu 11.4.0-1ubuntu1~22.04) 11.4.0,Release,
routing-study,Lab04,testcase2,reroute,,1,2.0,routing wall seconds,1.5332319168373942,1.51,5924.0,True,136686.48,valid,1,eace3e0802f34439fd8c3f271955fed76489938a0c51b7380f6845aacb229754,"{""Lab04/tests/data/testcase2/testcase2.gmp"": ""40675837fa48e90b100a36688a0875c0a5a6fab3274bf3dbee2ebd1ed9093395"", ""Lab04/tests/data/testcase2/testcase2.gcl"": ""a42fa98bd85345713580257c69b5b523f87738131e4395ea2627c4b36f9ffb9b"", ""Lab04/tests/data/testcase2/testcase2.cst"": ""897a7a02a0dfc256f8ed60b93e1586b7dd0ae1bd926aa6bf9f4ae4e09bfe96ae""}","[""--router"", ""negotiated"", ""--history"", ""0"", ""--seconds"", ""2.0"", ""--stats""]",c++ (Ubuntu 11.4.0-1ubuntu1~22.04) 11.4.0,Release,
routing-study,Lab04,testcase2,history,,1,2.0,routing wall seconds,1.6053646206855774,1.59,5928.0,True,136686.48,valid,1,eace3e0802f34439fd8c3f271955fed76489938a0c51b7380f6845aacb229754,"{""Lab04/tests/data/testcase2/testcase2.gmp"": ""40675837fa48e90b100a36688a0875c0a5a6fab3274bf3dbee2ebd1ed9093395"", ""Lab04/tests/data/testcase2/testcase2.gcl"": ""a42fa98bd85345713580257c69b5b523f87738131e4395ea2627c4b36f9ffb9b"", ""Lab04/tests/data/testcase2/testcase2.cst"": ""897a7a02a0dfc256f8ed60b93e1586b7dd0ae1bd926aa6bf9f4ae4e09bfe96ae""}","[""--router"", ""negotiated"", ""--history"", ""1"", ""--seconds"", ""2.0"", ""--stats""]",c++ (Ubuntu 11.4.0-1ubuntu1~22.04) 11.4.0,Release,
routing-study,Lab04,testcase2,layered,,1,2.0,routing wall seconds,0.36336323991417885,0.34,5756.0,True,136686.48,valid,1,eace3e0802f34439fd8c3f271955fed76489938a0c51b7380f6845aacb229754,"{""Lab04/tests/data/testcase2/testcase2.gmp"": ""40675837fa48e90b100a36688a0875c0a5a6fab3274bf3dbee2ebd1ed9093395"", ""Lab04/tests/data/testcase2/testcase2.gcl"": ""a42fa98bd85345713580257c69b5b523f87738131e4395ea2627c4b36f9ffb9b"", ""Lab04/tests/data/testcase2/testcase2.cst"": ""897a7a02a0dfc256f8ed60b93e1586b7dd0ae1bd926aa6bf9f4ae4e09bfe96ae""}","[""--router"", ""layered"", ""--seconds"", ""2.0"", ""--stats""]",c++ (Ubuntu 11.4.0-1ubuntu1~22.04) 11.4.0,Release,
routing-study,Lab04,testcase2,history,,2,2.0,routing wall seconds,1.6111618429422379,1.59,5672.0,True,136686.48,valid,1,eace3e0802f34439fd8c3f271955fed76489938a0c51b7380f6845aacb229754,"{""Lab04/tests/data/testcase2/testcase2.gmp"": ""40675837fa48e90b100a36688a0875c0a5a6fab3274bf3dbee2ebd1ed9093395"", ""Lab04/tests/data/testcase2/testcase2.gcl"": ""a42fa98bd85345713580257c69b5b523f87738131e4395ea2627c4b36f9ffb9b"", ""Lab04/tests/data/testcase2/testcase2.cst"": ""897a7a02a0dfc256f8ed60b93e1586b7dd0ae1bd926aa6bf9f4ae4e09bfe96ae""}","[""--router"", ""negotiated"", ""--history"", ""1"", ""--seconds"", ""2.0"", ""--stats""]",c++ (Ubuntu 11.4.0-1ubuntu1~22.04) 11.4.0,Release,
routing-study,Lab04,testcase2,layered,,2,2.0,routing wall seconds,0.3570110439322889,0.34,5708.0,True,136686.48,valid,1,eace3e0802f34439fd8c3f271955fed76489938a0c51b7380f6845aacb229754,"{""Lab04/tests/data/testcase2/testcase2.gmp"": ""40675837fa48e90b100a36688a0875c0a5a6fab3274bf3dbee2ebd1ed9093395"", ""Lab04/tests/data/testcase2/testcase2.gcl"": ""a42fa98bd85345713580257c69b5b523f87738131e4395ea2627c4b36f9ffb9b"", ""Lab04/tests/data/testcase2/testcase2.cst"": ""897a7a02a0dfc256f8ed60b93e1586b7dd0ae1bd926aa6bf9f4ae4e09bfe96ae""}","[""--router"", ""layered"", ""--seconds"", ""2.0"", ""--stats""]",c++ (Ubuntu 11.4.0-1ubuntu1~22.04) 11.4.0,Release,
routing-study,Lab04,testcase2,reroute,,2,2.0,routing wall seconds,1.679432381875813,1.6600000000000001,5676.0,True,136686.48,valid,1,eace3e0802f34439fd8c3f271955fed76489938a0c51b7380f6845aacb229754,"{""Lab04/tests/data/testcase2/testcase2.gmp"": ""40675837fa48e90b100a36688a0875c0a5a6fab3274bf3dbee2ebd1ed9093395"", ""Lab04/tests/data/testcase2/testcase2.gcl"": ""a42fa98bd85345713580257c69b5b523f87738131e4395ea2627c4b36f9ffb9b"", ""Lab04/tests/data/testcase2/testcase2.cst"": ""897a7a02a0dfc256f8ed60b93e1586b7dd0ae1bd926aa6bf9f4ae4e09bfe96ae""}","[""--router"", ""negotiated"", ""--history"", ""0"", ""--seconds"", ""2.0"", ""--stats""]",c++ (Ubuntu 11.4.0-1ubuntu1~22.04) 11.4.0,Release,
routing-study,Lab04,example,layered,,0,0.5,routing wall seconds,0.030819668900221586,0.02,3932.0,True,29101.68,valid,1,eace3e0802f34439fd8c3f271955fed76489938a0c51b7380f6845aacb229754,"{""Lab04/tests/data/toycase/example.gmp"": ""4b516bd577ffa11cbf0a27e29d0b4596b6738772992833dcda2ef875ebc13d30"", ""Lab04/tests/data/toycase/example.gcl"": ""d046b7347f9c14235e63e3f64869561b262acaa1bd8e7a57ee120d61230e523e"", ""Lab04/tests/data/toycase/example.cst"": ""67dd9d8dbcfb99729e81668ccc265377c49cb9389fbea9de838fed1b91f35b5a""}","[""--router"", ""layered"", ""--seconds"", ""0.5"", ""--stats""]",c++ (Ubuntu 11.4.0-1ubuntu1~22.04) 11.4.0,Release,
routing-study,Lab04,example,reroute,,0,0.5,routing wall seconds,0.0907778600230813,0.07,3940.0,True,29101.68,valid,1,eace3e0802f34439fd8c3f271955fed76489938a0c51b7380f6845aacb229754,"{""Lab04/tests/data/toycase/example.gmp"": ""4b516bd577ffa11cbf0a27e29d0b4596b6738772992833dcda2ef875ebc13d30"", ""Lab04/tests/data/toycase/example.gcl"": ""d046b7347f9c14235e63e3f64869561b262acaa1bd8e7a57ee120d61230e523e"", ""Lab04/tests/data/toycase/example.cst"": ""67dd9d8dbcfb99729e81668ccc265377c49cb9389fbea9de838fed1b91f35b5a""}","[""--router"", ""negotiated"", ""--history"", ""0"", ""--seconds"", ""0.5"", ""--stats""]",c++ (Ubuntu 11.4.0-1ubuntu1~22.04) 11.4.0,Release,
routing-study,Lab04,example,history,,0,0.5,routing wall seconds,0.08546106470748782,0.07,4332.0,True,29101.68,valid,1,eace3e0802f34439fd8c3f271955fed76489938a0c51b7380f6845aacb229754,"{""Lab04/tests/data/toycase/example.gmp"": ""4b516bd577ffa11cbf0a27e29d0b4596b6738772992833dcda2ef875ebc13d30"", ""Lab04/tests/data/toycase/example.gcl"": ""d046b7347f9c14235e63e3f64869561b262acaa1bd8e7a57ee120d61230e523e"", ""Lab04/tests/data/toycase/example.cst"": ""67dd9d8dbcfb99729e81668ccc265377c49cb9389fbea9de838fed1b91f35b5a""}","[""--router"", ""negotiated"", ""--history"", ""1"", ""--seconds"", ""0.5"", ""--stats""]",c++ (Ubuntu 11.4.0-1ubuntu1~22.04) 11.4.0,Release,
routing-study,Lab04,example,reroute,,1,0.5,routing wall seconds,0.09370425716042519,0.07,4112.0,True,29101.68,valid,1,eace3e0802f34439fd8c3f271955fed76489938a0c51b7380f6845aacb229754,"{""Lab04/tests/data/toycase/example.gmp"": ""4b516bd577ffa11cbf0a27e29d0b4596b6738772992833dcda2ef875ebc13d30"", ""Lab04/tests/data/toycase/example.gcl"": ""d046b7347f9c14235e63e3f64869561b262acaa1bd8e7a57ee120d61230e523e"", ""Lab04/tests/data/toycase/example.cst"": ""67dd9d8dbcfb99729e81668ccc265377c49cb9389fbea9de838fed1b91f35b5a""}","[""--router"", ""negotiated"", ""--history"", ""0"", ""--seconds"", ""0.5"", ""--stats""]",c++ (Ubuntu 11.4.0-1ubuntu1~22.04) 11.4.0,Release,
routing-study,Lab04,example,history,,1,0.5,routing wall seconds,0.08328506909310818,0.06,4208.0,True,29101.68,valid,1,eace3e0802f34439fd8c3f271955fed76489938a0c51b7380f6845aacb229754,"{""Lab04/tests/data/toycase/example.gmp"": ""4b516bd577ffa11cbf0a27e29d0b4596b6738772992833dcda2ef875ebc13d30"", ""Lab04/tests/data/toycase/example.gcl"": ""d046b7347f9c14235e63e3f64869561b262acaa1bd8e7a57ee120d61230e523e"", ""Lab04/tests/data/toycase/example.cst"": ""67dd9d8dbcfb99729e81668ccc265377c49cb9389fbea9de838fed1b91f35b5a""}","[""--router"", ""negotiated"", ""--history"", ""1"", ""--seconds"", ""0.5"", ""--stats""]",c++ (Ubuntu 11.4.0-1ubuntu1~22.04) 11.4.0,Release,
routing-study,Lab04,example,layered,,1,0.5,routing wall seconds,0.025741516146808863,0.01,4152.0,True,29101.68,valid,1,eace3e0802f34439fd8c3f271955fed76489938a0c51b7380f6845aacb229754,"{""Lab04/tests/data/toycase/example.gmp"": ""4b516bd577ffa11cbf0a27e29d0b4596b6738772992833dcda2ef875ebc13d30"", ""Lab04/tests/data/toycase/example.gcl"": ""d046b7347f9c14235e63e3f64869561b262acaa1bd8e7a57ee120d61230e523e"", ""Lab04/tests/data/toycase/example.cst"": ""67dd9d8dbcfb99729e81668ccc265377c49cb9389fbea9de838fed1b91f35b5a""}","[""--router"", ""layered"", ""--seconds"", ""0.5"", ""--stats""]",c++ (Ubuntu 11.4.0-1ubuntu1~22.04) 11.4.0,Release,
routing-study,Lab04,example,history,,2,0.5,routing wall seconds,0.07378006307408214,0.05,3936.0,True,29101.68,valid,1,eace3e0802f34439fd8c3f271955fed76489938a0c51b7380f6845aacb229754,"{""Lab04/tests/data/toycase/example.gmp"": ""4b516bd577ffa11cbf0a27e29d0b4596b6738772992833dcda2ef875ebc13d30"", ""Lab04/tests/data/toycase/example.gcl"": ""d046b7347f9c14235e63e3f64869561b262acaa1bd8e7a57ee120d61230e523e"", ""Lab04/tests/data/toycase/example.cst"": ""67dd9d8dbcfb99729e81668ccc265377c49cb9389fbea9de838fed1b91f35b5a""}","[""--router"", ""negotiated"", ""--history"", ""1"", ""--seconds"", ""0.5"", ""--stats""]",c++ (Ubuntu 11.4.0-1ubuntu1~22.04) 11.4.0,Release,
routing-study,Lab04,example,layered,,2,0.5,routing wall seconds,0.03343395609408617,0.01,4276.0,True,29101.68,valid,1,eace3e0802f34439fd8c3f271955fed76489938a0c51b7380f6845aacb229754,"{""Lab04/tests/data/toycase/example.gmp"": ""4b516bd577ffa11cbf0a27e29d0b4596b6738772992833dcda2ef875ebc13d30"", ""Lab04/tests/data/toycase/example.gcl"": ""d046b7347f9c14235e63e3f64869561b262acaa1bd8e7a57ee120d61230e523e"", ""Lab04/tests/data/toycase/example.cst"": ""67dd9d8dbcfb99729e81668ccc265377c49cb9389fbea9de838fed1b91f35b5a""}","[""--router"", ""layered"", ""--seconds"", ""0.5"", ""--stats""]",c++ (Ubuntu 11.4.0-1ubuntu1~22.04) 11.4.0,Release,
routing-study,Lab04,example,reroute,,2,0.5,routing wall seconds,0.0917027061805129,0.08,4044.0,True,29101.68,valid,1,eace3e0802f34439fd8c3f271955fed76489938a0c51b7380f6845aacb229754,"{""Lab04/tests/data/toycase/example.gmp"": ""4b516bd577ffa11cbf0a27e29d0b4596b6738772992833dcda2ef875ebc13d30"", ""Lab04/tests/data/toycase/example.gcl"": ""d046b7347f9c14235e63e3f64869561b262acaa1bd8e7a57ee120d61230e523e"", ""Lab04/tests/data/toycase/example.cst"": ""67dd9d8dbcfb99729e81668ccc265377c49cb9389fbea9de838fed1b91f35b5a""}","[""--router"", ""negotiated"", ""--history"", ""0"", ""--seconds"", ""0.5"", ""--stats""]",c++ (Ubuntu 11.4.0-1ubuntu1~22.04) 11.4.0,Release,
routing-study,Lab04,example,layered,,0,2.0,routing wall seconds,0.0326863219961524,0.01,4276.0,True,29101.68,valid,1,eace3e0802f34439fd8c3f271955fed76489938a0c51b7380f6845aacb229754,"{""Lab04/tests/data/toycase/example.gmp"": ""4b516bd577ffa11cbf0a27e29d0b4596b6738772992833dcda2ef875ebc13d30"", ""Lab04/tests/data/toycase/example.gcl"": ""d046b7347f9c14235e63e3f64869561b262acaa1bd8e7a57ee120d61230e523e"", ""Lab04/tests/data/toycase/example.cst"": ""67dd9d8dbcfb99729e81668ccc265377c49cb9389fbea9de838fed1b91f35b5a""}","[""--router"", ""layered"", ""--seconds"", ""2.0"", ""--stats""]",c++ (Ubuntu 11.4.0-1ubuntu1~22.04) 11.4.0,Release,
routing-study,Lab04,example,reroute,,0,2.0,routing wall seconds,0.09153375495225191,0.07,3940.0,True,29101.68,valid,1,eace3e0802f34439fd8c3f271955fed76489938a0c51b7380f6845aacb229754,"{""Lab04/tests/data/toycase/example.gmp"": ""4b516bd577ffa11cbf0a27e29d0b4596b6738772992833dcda2ef875ebc13d30"", ""Lab04/tests/data/toycase/example.gcl"": ""d046b7347f9c14235e63e3f64869561b262acaa1bd8e7a57ee120d61230e523e"", ""Lab04/tests/data/toycase/example.cst"": ""67dd9d8dbcfb99729e81668ccc265377c49cb9389fbea9de838fed1b91f35b5a""}","[""--router"", ""negotiated"", ""--history"", ""0"", ""--seconds"", ""2.0"", ""--stats""]",c++ (Ubuntu 11.4.0-1ubuntu1~22.04) 11.4.0,Release,
routing-study,Lab04,example,history,,0,2.0,routing wall seconds,0.08567972527816892,0.07,4176.0,True,29101.68,valid,1,eace3e0802f34439fd8c3f271955fed76489938a0c51b7380f6845aacb229754,"{""Lab04/tests/data/toycase/example.gmp"": ""4b516bd577ffa11cbf0a27e29d0b4596b6738772992833dcda2ef875ebc13d30"", ""Lab04/tests/data/toycase/example.gcl"": ""d046b7347f9c14235e63e3f64869561b262acaa1bd8e7a57ee120d61230e523e"", ""Lab04/tests/data/toycase/example.cst"": ""67dd9d8dbcfb99729e81668ccc265377c49cb9389fbea9de838fed1b91f35b5a""}","[""--router"", ""negotiated"", ""--history"", ""1"", ""--seconds"", ""2.0"", ""--stats""]",c++ (Ubuntu 11.4.0-1ubuntu1~22.04) 11.4.0,Release,
routing-study,Lab04,example,reroute,,1,2.0,routing wall seconds,0.07464438118040562,0.06,4320.0,True,29101.68,valid,1,eace3e0802f34439fd8c3f271955fed76489938a0c51b7380f6845aacb229754,"{""Lab04/tests/data/toycase/example.gmp"": ""4b516bd577ffa11cbf0a27e29d0b4596b6738772992833dcda2ef875ebc13d30"", ""Lab04/tests/data/toycase/example.gcl"": ""d046b7347f9c14235e63e3f64869561b262acaa1bd8e7a57ee120d61230e523e"", ""Lab04/tests/data/toycase/example.cst"": ""67dd9d8dbcfb99729e81668ccc265377c49cb9389fbea9de838fed1b91f35b5a""}","[""--router"", ""negotiated"", ""--history"", ""0"", ""--seconds"", ""2.0"", ""--stats""]",c++ (Ubuntu 11.4.0-1ubuntu1~22.04) 11.4.0,Release,
routing-study,Lab04,example,history,,1,2.0,routing wall seconds,0.09202323202043772,0.08,4324.0,True,29101.68,valid,1,eace3e0802f34439fd8c3f271955fed76489938a0c51b7380f6845aacb229754,"{""Lab04/tests/data/toycase/example.gmp"": ""4b516bd577ffa11cbf0a27e29d0b4596b6738772992833dcda2ef875ebc13d30"", ""Lab04/tests/data/toycase/example.gcl"": ""d046b7347f9c14235e63e3f64869561b262acaa1bd8e7a57ee120d61230e523e"", ""Lab04/tests/data/toycase/example.cst"": ""67dd9d8dbcfb99729e81668ccc265377c49cb9389fbea9de838fed1b91f35b5a""}","[""--router"", ""negotiated"", ""--history"", ""1"", ""--seconds"", ""2.0"", ""--stats""]",c++ (Ubuntu 11.4.0-1ubuntu1~22.04) 11.4.0,Release,
routing-study,Lab04,example,layered,,1,2.0,routing wall seconds,0.030653221998363733,0.02,3912.0,True,29101.68,valid,1,eace3e0802f34439fd8c3f271955fed76489938a0c51b7380f6845aacb229754,"{""Lab04/tests/data/toycase/example.gmp"": ""4b516bd577ffa11cbf0a27e29d0b4596b6738772992833dcda2ef875ebc13d30"", ""Lab04/tests/data/toycase/example.gcl"": ""d046b7347f9c14235e63e3f64869561b262acaa1bd8e7a57ee120d61230e523e"", ""Lab04/tests/data/toycase/example.cst"": ""67dd9d8dbcfb99729e81668ccc265377c49cb9389fbea9de838fed1b91f35b5a""}","[""--router"", ""layered"", ""--seconds"", ""2.0"", ""--stats""]",c++ (Ubuntu 11.4.0-1ubuntu1~22.04) 11.4.0,Release,
routing-study,Lab04,example,history,,2,2.0,routing wall seconds,0.09226124826818705,0.08,4116.0,True,29101.68,valid,1,eace3e0802f34439fd8c3f271955fed76489938a0c51b7380f6845aacb229754,"{""Lab04/tests/data/toycase/example.gmp"": ""4b516bd577ffa11cbf0a27e29d0b4596b6738772992833dcda2ef875ebc13d30"", ""Lab04/tests/data/toycase/example.gcl"": ""d046b7347f9c14235e63e3f64869561b262acaa1bd8e7a57ee120d61230e523e"", ""Lab04/tests/data/toycase/example.cst"": ""67dd9d8dbcfb99729e81668ccc265377c49cb9389fbea9de838fed1b91f35b5a""}","[""--router"", ""negotiated"", ""--history"", ""1"", ""--seconds"", ""2.0"", ""--stats""]",c++ (Ubuntu 11.4.0-1ubuntu1~22.04) 11.4.0,Release,
routing-study,Lab04,example,layered,,2,2.0,routing wall seconds,0.03583249216899276,0.02,4276.0,True,29101.68,valid,1,eace3e0802f34439fd8c3f271955fed76489938a0c51b7380f6845aacb229754,"{""Lab04/tests/data/toycase/example.gmp"": ""4b516bd577ffa11cbf0a27e29d0b4596b6738772992833dcda2ef875ebc13d30"", ""Lab04/tests/data/toycase/example.gcl"": ""d046b7347f9c14235e63e3f64869561b262acaa1bd8e7a57ee120d61230e523e"", ""Lab04/tests/data/toycase/example.cst"": ""67dd9d8dbcfb99729e81668ccc265377c49cb9389fbea9de838fed1b91f35b5a""}","[""--router"", ""layered"", ""--seconds"", ""2.0"", ""--stats""]",c++ (Ubuntu 11.4.0-1ubuntu1~22.04) 11.4.0,Release,
routing-study,Lab04,example,reroute,,2,2.0,routing wall seconds,0.09275703923776746,0.08,4024.0,True,29101.68,valid,1,eace3e0802f34439fd8c3f271955fed76489938a0c51b7380f6845aacb229754,"{""Lab04/tests/data/toycase/example.gmp"": ""4b516bd577ffa11cbf0a27e29d0b4596b6738772992833dcda2ef875ebc13d30"", ""Lab04/tests/data/toycase/example.gcl"": ""d046b7347f9c14235e63e3f64869561b262acaa1bd8e7a57ee120d61230e523e"", ""Lab04/tests/data/toycase/example.cst"": ""67dd9d8dbcfb99729e81668ccc265377c49cb9389fbea9de838fed1b91f35b5a""}","[""--router"", ""negotiated"", ""--history"", ""0"", ""--seconds"", ""2.0"", ""--stats""]",c++ (Ubuntu 11.4.0-1ubuntu1~22.04) 11.4.0,Release,
routing-generated,Lab04,congestion-24x24-40-101,layered,,0,1.0,routing wall seconds,0.02613931940868497,0.01,3856.0,True,2783.65,valid,1,eace3e0802f34439fd8c3f271955fed76489938a0c51b7380f6845aacb229754,"{""benchmarks/work/routing-study-9r6l3y32/inputs/congestion-24x24-40-101.gmp"": ""e21375919eb06f1c500fbdc543a46276eaff0d8b2191c696156e77b0a1088cb7"", ""benchmarks/work/routing-study-9r6l3y32/inputs/congestion-24x24-40-101.gcl"": ""c410d311741ab2cec366f28bf245fb868041329ab450ad3d15cea844b5bd850b"", ""benchmarks/work/routing-study-9r6l3y32/inputs/congestion-24x24-40-101.cst"": ""23d3c34c74acaeda2821648c163ac23c6718b0d2e5c5a66e8478ef649c894448""}","[""--router"", ""layered"", ""--seconds"", ""1.0"", ""--stats""]",c++ (Ubuntu 11.4.0-1ubuntu1~22.04) 11.4.0,Release,
routing-generated,Lab04,congestion-24x24-40-101,reroute,,0,1.0,routing wall seconds,0.07071039592847228,0.06,3860.0,True,2594.2,valid,1,eace3e0802f34439fd8c3f271955fed76489938a0c51b7380f6845aacb229754,"{""benchmarks/work/routing-study-9r6l3y32/inputs/congestion-24x24-40-101.gmp"": ""e21375919eb06f1c500fbdc543a46276eaff0d8b2191c696156e77b0a1088cb7"", ""benchmarks/work/routing-study-9r6l3y32/inputs/congestion-24x24-40-101.gcl"": ""c410d311741ab2cec366f28bf245fb868041329ab450ad3d15cea844b5bd850b"", ""benchmarks/work/routing-study-9r6l3y32/inputs/congestion-24x24-40-101.cst"": ""23d3c34c74acaeda2821648c163ac23c6718b0d2e5c5a66e8478ef649c894448""}","[""--router"", ""negotiated"", ""--history"", ""0"", ""--seconds"", ""1.0"", ""--stats""]",c++ (Ubuntu 11.4.0-1ubuntu1~22.04) 11.4.0,Release,
routing-generated,Lab04,congestion-24x24-40-101,history,,0,1.0,routing wall seconds,0.11371459485962987,0.1,3948.0,True,2756.85,valid,1,eace3e0802f34439fd8c3f271955fed76489938a0c51b7380f6845aacb229754,"{""benchmarks/work/routing-study-9r6l3y32/inputs/congestion-24x24-40-101.gmp"": ""e21375919eb06f1c500fbdc543a46276eaff0d8b2191c696156e77b0a1088cb7"", ""benchmarks/work/routing-study-9r6l3y32/inputs/congestion-24x24-40-101.gcl"": ""c410d311741ab2cec366f28bf245fb868041329ab450ad3d15cea844b5bd850b"", ""benchmarks/work/routing-study-9r6l3y32/inputs/congestion-24x24-40-101.cst"": ""23d3c34c74acaeda2821648c163ac23c6718b0d2e5c5a66e8478ef649c894448""}","[""--router"", ""negotiated"", ""--history"", ""1"", ""--seconds"", ""1.0"", ""--stats""]",c++ (Ubuntu 11.4.0-1ubuntu1~22.04) 11.4.0,Release,
routing-generated,Lab04,congestion-24x24-40-101,reroute,,1,1.0,routing wall seconds,0.07236120291054249,0.06,3820.0,True,2594.2,valid,1,eace3e0802f34439fd8c3f271955fed76489938a0c51b7380f6845aacb229754,"{""benchmarks/work/routing-study-9r6l3y32/inputs/congestion-24x24-40-101.gmp"": ""e21375919eb06f1c500fbdc543a46276eaff0d8b2191c696156e77b0a1088cb7"", ""benchmarks/work/routing-study-9r6l3y32/inputs/congestion-24x24-40-101.gcl"": ""c410d311741ab2cec366f28bf245fb868041329ab450ad3d15cea844b5bd850b"", ""benchmarks/work/routing-study-9r6l3y32/inputs/congestion-24x24-40-101.cst"": ""23d3c34c74acaeda2821648c163ac23c6718b0d2e5c5a66e8478ef649c894448""}","[""--router"", ""negotiated"", ""--history"", ""0"", ""--seconds"", ""1.0"", ""--stats""]",c++ (Ubuntu 11.4.0-1ubuntu1~22.04) 11.4.0,Release,
routing-generated,Lab04,congestion-24x24-40-101,history,,1,1.0,routing wall seconds,0.11737508280202746,0.09999999999999999,3824.0,True,2756.85,valid,1,eace3e0802f34439fd8c3f271955fed76489938a0c51b7380f6845aacb229754,"{""benchmarks/work/routing-study-9r6l3y32/inputs/congestion-24x24-40-101.gmp"": ""e21375919eb06f1c500fbdc543a46276eaff0d8b2191c696156e77b0a1088cb7"", ""benchmarks/work/routing-study-9r6l3y32/inputs/congestion-24x24-40-101.gcl"": ""c410d311741ab2cec366f28bf245fb868041329ab450ad3d15cea844b5bd850b"", ""benchmarks/work/routing-study-9r6l3y32/inputs/congestion-24x24-40-101.cst"": ""23d3c34c74acaeda2821648c163ac23c6718b0d2e5c5a66e8478ef649c894448""}","[""--router"", ""negotiated"", ""--history"", ""1"", ""--seconds"", ""1.0"", ""--stats""]",c++ (Ubuntu 11.4.0-1ubuntu1~22.04) 11.4.0,Release,
routing-generated,Lab04,congestion-24x24-40-101,layered,,1,1.0,routing wall seconds,0.026591588277369738,0.01,3924.0,True,2783.65,valid,1,eace3e0802f34439fd8c3f271955fed76489938a0c51b7380f6845aacb229754,"{""benchmarks/work/routing-study-9r6l3y32/inputs/congestion-24x24-40-101.gmp"": ""e21375919eb06f1c500fbdc543a46276eaff0d8b2191c696156e77b0a1088cb7"", ""benchmarks/work/routing-study-9r6l3y32/inputs/congestion-24x24-40-101.gcl"": ""c410d311741ab2cec366f28bf245fb868041329ab450ad3d15cea844b5bd850b"", ""benchmarks/work/routing-study-9r6l3y32/inputs/congestion-24x24-40-101.cst"": ""23d3c34c74acaeda2821648c163ac23c6718b0d2e5c5a66e8478ef649c894448""}","[""--router"", ""layered"", ""--seconds"", ""1.0"", ""--stats""]",c++ (Ubuntu 11.4.0-1ubuntu1~22.04) 11.4.0,Release,
routing-generated,Lab04,congestion-24x24-40-101,history,,2,1.0,routing wall seconds,0.11745082307606936,0.09999999999999999,4168.0,True,2756.85,valid,1,eace3e0802f34439fd8c3f271955fed76489938a0c51b7380f6845aacb229754,"{""benchmarks/work/routing-study-9r6l3y32/inputs/congestion-24x24-40-101.gmp"": ""e21375919eb06f1c500fbdc543a46276eaff0d8b2191c696156e77b0a1088cb7"", ""benchmarks/work/routing-study-9r6l3y32/inputs/congestion-24x24-40-101.gcl"": ""c410d311741ab2cec366f28bf245fb868041329ab450ad3d15cea844b5bd850b"", ""benchmarks/work/routing-study-9r6l3y32/inputs/congestion-24x24-40-101.cst"": ""23d3c34c74acaeda2821648c163ac23c6718b0d2e5c5a66e8478ef649c894448""}","[""--router"", ""negotiated"", ""--history"", ""1"", ""--seconds"", ""1.0"", ""--stats""]",c++ (Ubuntu 11.4.0-1ubuntu1~22.04) 11.4.0,Release,
routing-generated,Lab04,congestion-24x24-40-101,layered,,2,1.0,routing wall seconds,0.02682662522420287,0.01,3840.0,True,2783.65,valid,1,eace3e0802f34439fd8c3f271955fed76489938a0c51b7380f6845aacb229754,"{""benchmarks/work/routing-study-9r6l3y32/inputs/congestion-24x24-40-101.gmp"": ""e21375919eb06f1c500fbdc543a46276eaff0d8b2191c696156e77b0a1088cb7"", ""benchmarks/work/routing-study-9r6l3y32/inputs/congestion-24x24-40-101.gcl"": ""c410d311741ab2cec366f28bf245fb868041329ab450ad3d15cea844b5bd850b"", ""benchmarks/work/routing-study-9r6l3y32/inputs/congestion-24x24-40-101.cst"": ""23d3c34c74acaeda2821648c163ac23c6718b0d2e5c5a66e8478ef649c894448""}","[""--router"", ""layered"", ""--seconds"", ""1.0"", ""--stats""]",c++ (Ubuntu 11.4.0-1ubuntu1~22.04) 11.4.0,Release,
routing-generated,Lab04,congestion-24x24-40-101,reroute,,2,1.0,routing wall seconds,0.07221785793080926,0.06,4156.0,True,2594.2,valid,1,eace3e0802f34439fd8c3f271955fed76489938a0c51b7380f6845aacb229754,"{""benchmarks/work/routing-study-9r6l3y32/inputs/congestion-24x24-40-101.gmp"": ""e21375919eb06f1c500fbdc543a46276eaff0d8b2191c696156e77b0a1088cb7"", ""benchmarks/work/routing-study-9r6l3y32/inputs/congestion-24x24-40-101.gcl"": ""c410d311741ab2cec366f28bf245fb868041329ab450ad3d15cea844b5bd850b"", ""benchmarks/work/routing-study-9r6l3y32/inputs/congestion-24x24-40-101.cst"": ""23d3c34c74acaeda2821648c163ac23c6718b0d2e5c5a66e8478ef649c894448""}","[""--router"", ""negotiated"", ""--history"", ""0"", ""--seconds"", ""1.0"", ""--stats""]",c++ (Ubuntu 11.4.0-1ubuntu1~22.04) 11.4.0,Release,
routing-generated,Lab04,congestion-24x24-40-211,layered,,0,1.0,routing wall seconds,0.0260175671428442,0.01,4080.0,True,3429.65,valid,1,eace3e0802f34439fd8c3f271955fed76489938a0c51b7380f6845aacb229754,"{""benchmarks/work/routing-study-9r6l3y32/inputs/congestion-24x24-40-211.gmp"": ""4af2332c02b4951f669e08c32ef25d13d46ceaa70f9a0fcfa6a39675e56406c1"", ""benchmarks/work/routing-study-9r6l3y32/inputs/congestion-24x24-40-211.gcl"": ""e6c98e66f84552a35af43d469d7e09a24caffbac8e3499812c44d6f4aff065b8"", ""benchmarks/work/routing-study-9r6l3y32/inputs/congestion-24x24-40-211.cst"": ""46181fa63df07477aa9d804d410a52332a7a8313e9a663152a93751afc5a7937""}","[""--router"", ""layered"", ""--seconds"", ""1.0"", ""--stats""]",c++ (Ubuntu 11.4.0-1ubuntu1~22.04) 11.4.0,Release,
routing-generated,Lab04,congestion-24x24-40-211,reroute,,0,1.0,routing wall seconds,0.09229029901325703,0.08,4164.0,True,3251.3,valid,1,eace3e0802f34439fd8c3f271955fed76489938a0c51b7380f6845aacb229754,"{""benchmarks/work/routing-study-9r6l3y32/inputs/congestion-24x24-40-211.gmp"": ""4af2332c02b4951f669e08c32ef25d13d46ceaa70f9a0fcfa6a39675e56406c1"", ""benchmarks/work/routing-study-9r6l3y32/inputs/congestion-24x24-40-211.gcl"": ""e6c98e66f84552a35af43d469d7e09a24caffbac8e3499812c44d6f4aff065b8"", ""benchmarks/work/routing-study-9r6l3y32/inputs/congestion-24x24-40-211.cst"": ""46181fa63df07477aa9d804d410a52332a7a8313e9a663152a93751afc5a7937""}","[""--router"", ""negotiated"", ""--history"", ""0"", ""--seconds"", ""1.0"", ""--stats""]",c++ (Ubuntu 11.4.0-1ubuntu1~22.04) 11.4.0,Release,
routing-generated,Lab04,congestion-24x24-40-211,history,,0,1.0,routing wall seconds,0.07357049500569701,0.06,4152.0,True,3429.65,valid,1,eace3e0802f34439fd8c3f271955fed76489938a0c51b7380f6845aacb229754,"{""benchmarks/work/routing-study-9r6l3y32/inputs/congestion-24x24-40-211.gmp"": ""4af2332c02b4951f669e08c32ef25d13d46ceaa70f9a0fcfa6a39675e56406c1"", ""benchmarks/work/routing-study-9r6l3y32/inputs/congestion-24x24-40-211.gcl"": ""e6c98e66f84552a35af43d469d7e09a24caffbac8e3499812c44d6f4aff065b8"", ""benchmarks/work/routing-study-9r6l3y32/inputs/congestion-24x24-40-211.cst"": ""46181fa63df07477aa9d804d410a52332a7a8313e9a663152a93751afc5a7937""}","[""--router"", ""negotiated"", ""--history"", ""1"", ""--seconds"", ""1.0"", ""--stats""]",c++ (Ubuntu 11.4.0-1ubuntu1~22.04) 11.4.0,Release,
routing-generated,Lab04,congestion-24x24-40-211,reroute,,1,1.0,routing wall seconds,0.09173543518409133,0.08,4164.0,True,3251.3,valid,1,eace3e0802f34439fd8c3f271955fed76489938a0c51b7380f6845aacb229754,"{""benchmarks/work/routing-study-9r6l3y32/inputs/congestion-24x24-40-211.gmp"": ""4af2332c02b4951f669e08c32ef25d13d46ceaa70f9a0fcfa6a39675e56406c1"", ""benchmarks/work/routing-study-9r6l3y32/inputs/congestion-24x24-40-211.gcl"": ""e6c98e66f84552a35af43d469d7e09a24caffbac8e3499812c44d6f4aff065b8"", ""benchmarks/work/routing-study-9r6l3y32/inputs/congestion-24x24-40-211.cst"": ""46181fa63df07477aa9d804d410a52332a7a8313e9a663152a93751afc5a7937""}","[""--router"", ""negotiated"", ""--history"", ""0"", ""--seconds"", ""1.0"", ""--stats""]",c++ (Ubuntu 11.4.0-1ubuntu1~22.04) 11.4.0,Release,
routing-generated,Lab04,congestion-24x24-40-211,history,,1,1.0,routing wall seconds,0.06735063716769218,0.05,3804.0,True,3429.65,valid,1,eace3e0802f34439fd8c3f271955fed76489938a0c51b7380f6845aacb229754,"{""benchmarks/work/routing-study-9r6l3y32/inputs/congestion-24x24-40-211.gmp"": ""4af2332c02b4951f669e08c32ef25d13d46ceaa70f9a0fcfa6a39675e56406c1"", ""benchmarks/work/routing-study-9r6l3y32/inputs/congestion-24x24-40-211.gcl"": ""e6c98e66f84552a35af43d469d7e09a24caffbac8e3499812c44d6f4aff065b8"", ""benchmarks/work/routing-study-9r6l3y32/inputs/congestion-24x24-40-211.cst"": ""46181fa63df07477aa9d804d410a52332a7a8313e9a663152a93751afc5a7937""}","[""--router"", ""negotiated"", ""--history"", ""1"", ""--seconds"", ""1.0"", ""--stats""]",c++ (Ubuntu 11.4.0-1ubuntu1~22.04) 11.4.0,Release,
routing-generated,Lab04,congestion-24x24-40-211,layered,,1,1.0,routing wall seconds,0.027257448993623257,0.01,3704.0,True,3429.65,valid,1,eace3e0802f34439fd8c3f271955fed76489938a0c51b7380f6845aacb229754,"{""benchmarks/work/routing-study-9r6l3y32/inputs/congestion-24x24-40-211.gmp"": ""4af2332c02b4951f669e08c32ef25d13d46ceaa70f9a0fcfa6a39675e56406c1"", ""benchmarks/work/routing-study-9r6l3y32/inputs/congestion-24x24-40-211.gcl"": ""e6c98e66f84552a35af43d469d7e09a24caffbac8e3499812c44d6f4aff065b8"", ""benchmarks/work/routing-study-9r6l3y32/inputs/congestion-24x24-40-211.cst"": ""46181fa63df07477aa9d804d410a52332a7a8313e9a663152a93751afc5a7937""}","[""--router"", ""layered"", ""--seconds"", ""1.0"", ""--stats""]",c++ (Ubuntu 11.4.0-1ubuntu1~22.04) 11.4.0,Release,
routing-generated,Lab04,congestion-24x24-40-211,history,,2,1.0,routing wall seconds,0.0700391479767859,0.05,3820.0,True,3429.65,valid,1,eace3e0802f34439fd8c3f271955fed76489938a0c51b7380f6845aacb229754,"{""benchmarks/work/routing-study-9r6l3y32/inputs/congestion-24x24-40-211.gmp"": ""4af2332c02b4951f669e08c32ef25d13d46ceaa70f9a0fcfa6a39675e56406c1"", ""benchmarks/work/routing-study-9r6l3y32/inputs/congestion-24x24-40-211.gcl"": ""e6c98e66f84552a35af43d469d7e09a24caffbac8e3499812c44d6f4aff065b8"", ""benchmarks/work/routing-study-9r6l3y32/inputs/congestion-24x24-40-211.cst"": ""46181fa63df07477aa9d804d410a52332a7a8313e9a663152a93751afc5a7937""}","[""--router"", ""negotiated"", ""--history"", ""1"", ""--seconds"", ""1.0"", ""--stats""]",c++ (Ubuntu 11.4.0-1ubuntu1~22.04) 11.4.0,Release,
routing-generated,Lab04,congestion-24x24-40-211,layered,,2,1.0,routing wall seconds,0.027315025217831135,0.01,3780.0,True,3429.65,valid,1,eace3e0802f34439fd8c3f271955fed76489938a0c51b7380f6845aacb229754,"{""benchmarks/work/routing-study-9r6l3y32/inputs/congestion-24x24-40-211.gmp"": ""4af2332c02b4951f669e08c32ef25d13d46ceaa70f9a0fcfa6a39675e56406c1"", ""benchmarks/work/routing-study-9r6l3y32/inputs/congestion-24x24-40-211.gcl"": ""e6c98e66f84552a35af43d469d7e09a24caffbac8e3499812c44d6f4aff065b8"", ""benchmarks/work/routing-study-9r6l3y32/inputs/congestion-24x24-40-211.cst"": ""46181fa63df07477aa9d804d410a52332a7a8313e9a663152a93751afc5a7937""}","[""--router"", ""layered"", ""--seconds"", ""1.0"", ""--stats""]",c++ (Ubuntu 11.4.0-1ubuntu1~22.04) 11.4.0,Release,
routing-generated,Lab04,congestion-24x24-40-211,reroute,,2,1.0,routing wall seconds,0.09158725291490555,0.08,3848.0,True,3251.3,valid,1,eace3e0802f34439fd8c3f271955fed76489938a0c51b7380f6845aacb229754,"{""benchmarks/work/routing-study-9r6l3y32/inputs/congestion-24x24-40-211.gmp"": ""4af2332c02b4951f669e08c32ef25d13d46ceaa70f9a0fcfa6a39675e56406c1"", ""benchmarks/work/routing-study-9r6l3y32/inputs/congestion-24x24-40-211.gcl"": ""e6c98e66f84552a35af43d469d7e09a24caffbac8e3499812c44d6f4aff065b8"", ""benchmarks/work/routing-study-9r6l3y32/inputs/congestion-24x24-40-211.cst"": ""46181fa63df07477aa9d804d410a52332a7a8313e9a663152a93751afc5a7937""}","[""--router"", ""negotiated"", ""--history"", ""0"", ""--seconds"", ""1.0"", ""--stats""]",c++ (Ubuntu 11.4.0-1ubuntu1~22.04) 11.4.0,Release,
routing-generated,Lab04,congestion-24x24-40-307,layered,,0,1.0,routing wall seconds,0.026834948919713497,0.01,4020.0,True,2895.25,valid,1,eace3e0802f34439fd8c3f271955fed76489938a0c51b7380f6845aacb229754,"{""benchmarks/work/routing-study-9r6l3y32/inputs/congestion-24x24-40-307.gmp"": ""d5b249a48e65a5e517b23e4efd4b35ab3d0341282348186af513b4230c997da5"", ""benchmarks/work/routing-study-9r6l3y32/inputs/congestion-24x24-40-307.gcl"": ""1124ef743c7ce9959292fe74857181150230cf68995ad238d832144a8defd34f"", ""benchmarks/work/routing-study-9r6l3y32/inputs/congestion-24x24-40-307.cst"": ""b1b6234ed95f55ba018df24980d381dacd0ddeebcaf4503cac29daed8e3f776d""}","[""--router"", ""layered"", ""--seconds"", ""1.0"", ""--stats""]",c++ (Ubuntu 11.4.0-1ubuntu1~22.04) 11.4.0,Release,
routing-generated,Lab04,congestion-24x24-40-307,reroute,,0,1.0,routing wall seconds,0.06950964592397213,0.05,3944.0,True,2849.6,valid,1,eace3e0802f34439fd8c3f271955fed76489938a0c51b7380f6845aacb229754,"{""benchmarks/work/routing-study-9r6l3y32/inputs/congestion-24x24-40-307.gmp"": ""d5b249a48e65a5e517b23e4efd4b35ab3d0341282348186af513b4230c997da5"", ""benchmarks/work/routing-study-9r6l3y32/inputs/congestion-24x24-40-307.gcl"": ""1124ef743c7ce9959292fe74857181150230cf68995ad238d832144a8defd34f"", ""benchmarks/work/routing-study-9r6l3y32/inputs/congestion-24x24-40-307.cst"": ""b1b6234ed95f55ba018df24980d381dacd0ddeebcaf4503cac29daed8e3f776d""}","[""--router"", ""negotiated"", ""--history"", ""0"", ""--seconds"", ""1.0"", ""--stats""]",c++ (Ubuntu 11.4.0-1ubuntu1~22.04) 11.4.0,Release,
routing-generated,Lab04,congestion-24x24-40-307,history,,0,1.0,routing wall seconds,0.06838376400992274,0.05,3808.0,True,2895.25,valid,1,eace3e0802f34439fd8c3f271955fed76489938a0c51b7380f6845aacb229754,"{""benchmarks/work/routing-study-9r6l3y32/inputs/congestion-24x24-40-307.gmp"": ""d5b249a48e65a5e517b23e4efd4b35ab3d0341282348186af513b4230c997da5"", ""benchmarks/work/routing-study-9r6l3y32/inputs/congestion-24x24-40-307.gcl"": ""1124ef743c7ce9959292fe74857181150230cf68995ad238d832144a8defd34f"", ""benchmarks/work/routing-study-9r6l3y32/inputs/congestion-24x24-40-307.cst"": ""b1b6234ed95f55ba018df24980d381dacd0ddeebcaf4503cac29daed8e3f776d""}","[""--router"", ""negotiated"", ""--history"", ""1"", ""--seconds"", ""1.0"", ""--stats""]",c++ (Ubuntu 11.4.0-1ubuntu1~22.04) 11.4.0,Release,
routing-generated,Lab04,congestion-24x24-40-307,reroute,,1,1.0,routing wall seconds,0.0697465781122446,0.05,3820.0,True,2849.6,valid,1,eace3e0802f34439fd8c3f271955fed76489938a0c51b7380f6845aacb229754,"{""benchmarks/work/routing-study-9r6l3y32/inputs/congestion-24x24-40-307.gmp"": ""d5b249a48e65a5e517b23e4efd4b35ab3d0341282348186af513b4230c997da5"", ""benchmarks/work/routing-study-9r6l3y32/inputs/congestion-24x24-40-307.gcl"": ""1124ef743c7ce9959292fe74857181150230cf68995ad238d832144a8defd34f"", ""benchmarks/work/routing-study-9r6l3y32/inputs/congestion-24x24-40-307.cst"": ""b1b6234ed95f55ba018df24980d381dacd0ddeebcaf4503cac29daed8e3f776d""}","[""--router"", ""negotiated"", ""--history"", ""0"", ""--seconds"", ""1.0"", ""--stats""]",c++ (Ubuntu 11.4.0-1ubuntu1~22.04) 11.4.0,Release,
routing-generated,Lab04,congestion-24x24-40-307,history,,1,1.0,routing wall seconds,0.06973460782319307,0.05,3860.0,True,2895.25,valid,1,eace3e0802f34439fd8c3f271955fed76489938a0c51b7380f6845aacb229754,"{""benchmarks/work/routing-study-9r6l3y32/inputs/congestion-24x24-40-307.gmp"": ""d5b249a48e65a5e517b23e4efd4b35ab3d0341282348186af513b4230c997da5"", ""benchmarks/work/routing-study-9r6l3y32/inputs/congestion-24x24-40-307.gcl"": ""1124ef743c7ce9959292fe74857181150230cf68995ad238d832144a8defd34f"", ""benchmarks/work/routing-study-9r6l3y32/inputs/congestion-24x24-40-307.cst"": ""b1b6234ed95f55ba018df24980d381dacd0ddeebcaf4503cac29daed8e3f776d""}","[""--router"", ""negotiated"", ""--history"", ""1"", ""--seconds"", ""1.0"", ""--stats""]",c++ (Ubuntu 11.4.0-1ubuntu1~22.04) 11.4.0,Release,
routing-generated,Lab04,congestion-24x24-40-307,layered,,1,1.0,routing wall seconds,0.02717812266200781,0.01,4128.0,True,2895.25,valid,1,eace3e0802f34439fd8c3f271955fed76489938a0c51b7380f6845aacb229754,"{""benchmarks/work/routing-study-9r6l3y32/inputs/congestion-24x24-40-307.gmp"": ""d5b249a48e65a5e517b23e4efd4b35ab3d0341282348186af513b4230c997da5"", ""benchmarks/work/routing-study-9r6l3y32/inputs/congestion-24x24-40-307.gcl"": ""1124ef743c7ce9959292fe74857181150230cf68995ad238d832144a8defd34f"", ""benchmarks/work/routing-study-9r6l3y32/inputs/congestion-24x24-40-307.cst"": ""b1b6234ed95f55ba018df24980d381dacd0ddeebcaf4503cac29daed8e3f776d""}","[""--router"", ""layered"", ""--seconds"", ""1.0"", ""--stats""]",c++ (Ubuntu 11.4.0-1ubuntu1~22.04) 11.4.0,Release,
routing-generated,Lab04,congestion-24x24-40-307,history,,2,1.0,routing wall seconds,0.062230797950178385,0.05,3936.0,True,2895.25,valid,1,eace3e0802f34439fd8c3f271955fed76489938a0c51b7380f6845aacb229754,"{""benchmarks/work/routing-study-9r6l3y32/inputs/congestion-24x24-40-307.gmp"": ""d5b249a48e65a5e517b23e4efd4b35ab3d0341282348186af513b4230c997da5"", ""benchmarks/work/routing-study-9r6l3y32/inputs/congestion-24x24-40-307.gcl"": ""1124ef743c7ce9959292fe74857181150230cf68995ad238d832144a8defd34f"", ""benchmarks/work/routing-study-9r6l3y32/inputs/congestion-24x24-40-307.cst"": ""b1b6234ed95f55ba018df24980d381dacd0ddeebcaf4503cac29daed8e3f776d""}","[""--router"", ""negotiated"", ""--history"", ""1"", ""--seconds"", ""1.0"", ""--stats""]",c++ (Ubuntu 11.4.0-1ubuntu1~22.04) 11.4.0,Release,
routing-generated,Lab04,congestion-24x24-40-307,layered,,2,1.0,routing wall seconds,0.026065859012305737,0.01,3792.0,True,2895.25,valid,1,eace3e0802f34439fd8c3f271955fed76489938a0c51b7380f6845aacb229754,"{""benchmarks/work/routing-study-9r6l3y32/inputs/congestion-24x24-40-307.gmp"": ""d5b249a48e65a5e517b23e4efd4b35ab3d0341282348186af513b4230c997da5"", ""benchmarks/work/routing-study-9r6l3y32/inputs/congestion-24x24-40-307.gcl"": ""1124ef743c7ce9959292fe74857181150230cf68995ad238d832144a8defd34f"", ""benchmarks/work/routing-study-9r6l3y32/inputs/congestion-24x24-40-307.cst"": ""b1b6234ed95f55ba018df24980d381dacd0ddeebcaf4503cac29daed8e3f776d""}","[""--router"", ""layered"", ""--seconds"", ""1.0"", ""--stats""]",c++ (Ubuntu 11.4.0-1ubuntu1~22.04) 11.4.0,Release,
routing-generated,Lab04,congestion-24x24-40-307,reroute,,2,1.0,routing wall seconds,0.07094182493165135,0.06,3816.0,True,2849.6,valid,1,eace3e0802f34439fd8c3f271955fed76489938a0c51b7380f6845aacb229754,"{""benchmarks/work/routing-study-9r6l3y32/inputs/congestion-24x24-40-307.gmp"": ""d5b249a48e65a5e517b23e4efd4b35ab3d0341282348186af513b4230c997da5"", ""benchmarks/work/routing-study-9r6l3y32/inputs/congestion-24x24-40-307.gcl"": ""1124ef743c7ce9959292fe74857181150230cf68995ad238d832144a8defd34f"", ""benchmarks/work/routing-study-9r6l3y32/inputs/congestion-24x24-40-307.cst"": ""b1b6234ed95f55ba018df24980d381dacd0ddeebcaf4503cac29daed8e3f776d""}","[""--router"", ""negotiated"", ""--history"", ""0"", ""--seconds"", ""1.0"", ""--stats""]",c++ (Ubuntu 11.4.0-1ubuntu1~22.04) 11.4.0,Release,
routing-generated,Lab04,congestion-24x24-40-409,layered,,0,1.0,routing wall seconds,0.024264092091470957,0.01,3792.0,True,2799.4,valid,1,eace3e0802f34439fd8c3f271955fed76489938a0c51b7380f6845aacb229754,"{""benchmarks/work/routing-study-9r6l3y32/inputs/congestion-24x24-40-409.gmp"": ""224dc49b4a9b94807092d1d4ba02de952dfc00a105b80968b7078d9087e1baab"", ""benchmarks/work/routing-study-9r6l3y32/inputs/congestion-24x24-40-409.gcl"": ""660227c851a1828256c7c4693ce5eebbbd2dd35185467f8629cba4b46271c191"", ""benchmarks/work/routing-study-9r6l3y32/inputs/congestion-24x24-40-409.cst"": ""6248a83d9bc0c73f006d4a5a75c95d0455b76852109574b4cbe95260dce6add3""}","[""--router"", ""layered"", ""--seconds"", ""1.0"", ""--stats""]",c++ (Ubuntu 11.4.0-1ubuntu1~22.04) 11.4.0,Release,
routing-generated,Lab04,congestion-24x24-40-409,reroute,,0,1.0,routing wall seconds,0.08635354088619351,0.07,4156.0,True,2617.15,valid,1,eace3e0802f34439fd8c3f271955fed76489938a0c51b7380f6845aacb229754,"{""benchmarks/work/routing-study-9r6l3y32/inputs/congestion-24x24-40-409.gmp"": ""224dc49b4a9b94807092d1d4ba02de952dfc00a105b80968b7078d9087e1baab"", ""benchmarks/work/routing-study-9r6l3y32/inputs/congestion-24x24-40-409.gcl"": ""660227c851a1828256c7c4693ce5eebbbd2dd35185467f8629cba4b46271c191"", ""benchmarks/work/routing-study-9r6l3y32/inputs/congestion-24x24-40-409.cst"": ""6248a83d9bc0c73f006d4a5a75c95d0455b76852109574b4cbe95260dce6add3""}","[""--router"", ""negotiated"", ""--history"", ""0"", ""--seconds"", ""1.0"", ""--stats""]",c++ (Ubuntu 11.4.0-1ubuntu1~22.04) 11.4.0,Release,
routing-generated,Lab04,congestion-24x24-40-409,history,,0,1.0,routing wall seconds,0.0659487140364945,0.05,4168.0,True,2799.4,valid,1,eace3e0802f34439fd8c3f271955fed76489938a0c51b7380f6845aacb229754,"{""benchmarks/work/routing-study-9r6l3y32/inputs/congestion-24x24-40-409.gmp"": ""224dc49b4a9b94807092d1d4ba02de952dfc00a105b80968b7078d9087e1baab"", ""benchmarks/work/routing-study-9r6l3y32/inputs/congestion-24x24-40-409.gcl"": ""660227c851a1828256c7c4693ce5eebbbd2dd35185467f8629cba4b46271c191"", ""benchmarks/work/routing-study-9r6l3y32/inputs/congestion-24x24-40-409.cst"": ""6248a83d9bc0c73f006d4a5a75c95d0455b76852109574b4cbe95260dce6add3""}","[""--router"", ""negotiated"", ""--history"", ""1"", ""--seconds"", ""1.0"", ""--stats""]",c++ (Ubuntu 11.4.0-1ubuntu1~22.04) 11.4.0,Release,
routing-generated,Lab04,congestion-24x24-40-409,reroute,,1,1.0,routing wall seconds,0.08603158593177795,0.07,3976.0,True,2617.15,valid,1,eace3e0802f34439fd8c3f271955fed76489938a0c51b7380f6845aacb229754,"{""benchmarks/work/routing-study-9r6l3y32/inputs/congestion-24x24-40-409.gmp"": ""224dc49b4a9b94807092d1d4ba02de952dfc00a105b80968b7078d9087e1baab"", ""benchmarks/work/routing-study-9r6l3y32/inputs/congestion-24x24-40-409.gcl"": ""660227c851a1828256c7c4693ce5eebbbd2dd35185467f8629cba4b46271c191"", ""benchmarks/work/routing-study-9r6l3y32/inputs/congestion-24x24-40-409.cst"": ""6248a83d9bc0c73f006d4a5a75c95d0455b76852109574b4cbe95260dce6add3""}","[""--router"", ""negotiated"", ""--history"", ""0"", ""--seconds"", ""1.0"", ""--stats""]",c++ (Ubuntu 11.4.0-1ubuntu1~22.04) 11.4.0,Release,
routing-generated,Lab04,congestion-24x24-40-409,history,,1,1.0,routing wall seconds,0.05875292280688882,0.04,4164.0,True,2799.4,valid,1,eace3e0802f34439fd8c3f271955fed76489938a0c51b7380f6845aacb229754,"{""benchmarks/work/routing-study-9r6l3y32/inputs/congestion-24x24-40-409.gmp"": ""224dc49b4a9b94807092d1d4ba02de952dfc00a105b80968b7078d9087e1baab"", ""benchmarks/work/routing-study-9r6l3y32/inputs/congestion-24x24-40-409.gcl"": ""660227c851a1828256c7c4693ce5eebbbd2dd35185467f8629cba4b46271c191"", ""benchmarks/work/routing-study-9r6l3y32/inputs/congestion-24x24-40-409.cst"": ""6248a83d9bc0c73f006d4a5a75c95d0455b76852109574b4cbe95260dce6add3""}","[""--router"", ""negotiated"", ""--history"", ""1"", ""--seconds"", ""1.0"", ""--stats""]",c++ (Ubuntu 11.4.0-1ubuntu1~22.04) 11.4.0,Release,
routing-generated,Lab04,congestion-24x24-40-409,layered,,1,1.0,routing wall seconds,0.02310092467814684,0.0,4144.0,True,2799.4,valid,1,eace3e0802f34439fd8c3f271955fed76489938a0c51b7380f6845aacb229754,"{""benchmarks/work/routing-study-9r6l3y32/inputs/congestion-24x24-40-409.gmp"": ""224dc49b4a9b94807092d1d4ba02de952dfc00a105b80968b7078d9087e1baab"", ""benchmarks/work/routing-study-9r6l3y32/inputs/congestion-24x24-40-409.gcl"": ""660227c851a1828256c7c4693ce5eebbbd2dd35185467f8629cba4b46271c191"", ""benchmarks/work/routing-study-9r6l3y32/inputs/congestion-24x24-40-409.cst"": ""6248a83d9bc0c73f006d4a5a75c95d0455b76852109574b4cbe95260dce6add3""}","[""--router"", ""layered"", ""--seconds"", ""1.0"", ""--stats""]",c++ (Ubuntu 11.4.0-1ubuntu1~22.04) 11.4.0,Release,
routing-generated,Lab04,congestion-24x24-40-409,history,,2,1.0,routing wall seconds,0.06506148306652904,0.05,3876.0,True,2799.4,valid,1,eace3e0802f34439fd8c3f271955fed76489938a0c51b7380f6845aacb229754,"{""benchmarks/work/routing-study-9r6l3y32/inputs/congestion-24x24-40-409.gmp"": ""224dc49b4a9b94807092d1d4ba02de952dfc00a105b80968b7078d9087e1baab"", ""benchmarks/work/routing-study-9r6l3y32/inputs/congestion-24x24-40-409.gcl"": ""660227c851a1828256c7c4693ce5eebbbd2dd35185467f8629cba4b46271c191"", ""benchmarks/work/routing-study-9r6l3y32/inputs/congestion-24x24-40-409.cst"": ""6248a83d9bc0c73f006d4a5a75c95d0455b76852109574b4cbe95260dce6add3""}","[""--router"", ""negotiated"", ""--history"", ""1"", ""--seconds"", ""1.0"", ""--stats""]",c++ (Ubuntu 11.4.0-1ubuntu1~22.04) 11.4.0,Release,
routing-generated,Lab04,congestion-24x24-40-409,layered,,2,1.0,routing wall seconds,0.025056757032871246,0.01,4140.0,True,2799.4,valid,1,eace3e0802f34439fd8c3f271955fed76489938a0c51b7380f6845aacb229754,"{""benchmarks/work/routing-study-9r6l3y32/inputs/congestion-24x24-40-409.gmp"": ""224dc49b4a9b94807092d1d4ba02de952dfc00a105b80968b7078d9087e1baab"", ""benchmarks/work/routing-study-9r6l3y32/inputs/congestion-24x24-40-409.gcl"": ""660227c851a1828256c7c4693ce5eebbbd2dd35185467f8629cba4b46271c191"", ""benchmarks/work/routing-study-9r6l3y32/inputs/congestion-24x24-40-409.cst"": ""6248a83d9bc0c73f006d4a5a75c95d0455b76852109574b4cbe95260dce6add3""}","[""--router"", ""layered"", ""--seconds"", ""1.0"", ""--stats""]",c++ (Ubuntu 11.4.0-1ubuntu1~22.04) 11.4.0,Release,
routing-generated,Lab04,congestion-24x24-40-409,reroute,,2,1.0,routing wall seconds,0.08732247212901711,0.07,4104.0,True,2617.15,valid,1,eace3e0802f34439fd8c3f271955fed76489938a0c51b7380f6845aacb229754,"{""benchmarks/work/routing-study-9r6l3y32/inputs/congestion-24x24-40-409.gmp"": ""224dc49b4a9b94807092d1d4ba02de952dfc00a105b80968b7078d9087e1baab"", ""benchmarks/work/routing-study-9r6l3y32/inputs/congestion-24x24-40-409.gcl"": ""660227c851a1828256c7c4693ce5eebbbd2dd35185467f8629cba4b46271c191"", ""benchmarks/work/routing-study-9r6l3y32/inputs/congestion-24x24-40-409.cst"": ""6248a83d9bc0c73f006d4a5a75c95d0455b76852109574b4cbe95260dce6add3""}","[""--router"", ""negotiated"", ""--history"", ""0"", ""--seconds"", ""1.0"", ""--stats""]",c++ (Ubuntu 11.4.0-1ubuntu1~22.04) 11.4.0,Release,
policy-evaluation,Lab02,ami33,legacy,101,0,1,CPU seconds,1.015809389296919,0.99,4176.0,False,,budget-exhausted,1,2e493ebf4690bda19a73196ec6a7e2a5d7e5975d101da03cd467bcb2b748f3ee,"{""Lab02/tests/data/ami33/ami33.block"": ""e53918e9761e9050b808ff6526505154125cc3264d3da9089050500a208f8ec6"", ""Lab02/tests/data/ami33/ami33.nets"": ""be2e6f7c1e8056df46f92dee909fff6873bd6855ff1a7cc14479d9659e3cd963""}","[""--policy"", ""legacy"", ""--seed"", ""101"", ""--seconds"", ""1"", ""--trace-every"", ""5000""]",c++ (Ubuntu 11.4.0-1ubuntu1~22.04) 11.4.0,Release,Lab2: No legal floorplan found within budget
policy-evaluation,Lab02,ami33,progress,101,1,1,CPU seconds,1.0150324553251266,0.99,4320.0,True,646020,valid,1,2e493ebf4690bda19a73196ec6a7e2a5d7e5975d101da03cd467bcb2b748f3ee,"{""Lab02/tests/data/ami33/ami33.block"": ""e53918e9761e9050b808ff6526505154125cc3264d3da9089050500a208f8ec6"", ""Lab02/tests/data/ami33/ami33.nets"": ""be2e6f7c1e8056df46f92dee909fff6873bd6855ff1a7cc14479d9659e3cd963""}","[""--policy"", ""progress"", ""--seed"", ""101"", ""--seconds"", ""1"", ""--trace-every"", ""5000""]",c++ (Ubuntu 11.4.0-1ubuntu1~22.04) 11.4.0,Release,
policy-evaluation,Lab02,ami33,feasibility,101,2,1,CPU seconds,1.1194768389686942,1.0,4308.0,True,660116,valid,1,2e493ebf4690bda19a73196ec6a7e2a5d7e5975d101da03cd467bcb2b748f3ee,"{""Lab02/tests/data/ami33/ami33.block"": ""e53918e9761e9050b808ff6526505154125cc3264d3da9089050500a208f8ec6"", ""Lab02/tests/data/ami33/ami33.nets"": ""be2e6f7c1e8056df46f92dee909fff6873bd6855ff1a7cc14479d9659e3cd963""}","[""--policy"", ""feasibility"", ""--seed"", ""101"", ""--seconds"", ""1"", ""--trace-every"", ""5000""]",c++ (Ubuntu 11.4.0-1ubuntu1~22.04) 11.4.0,Release,
policy-evaluation,Lab02,ami33,progress,211,3,1,CPU seconds,1.0298998318612576,1.0,4304.0,True,658858,valid,1,2e493ebf4690bda19a73196ec6a7e2a5d7e5975d101da03cd467bcb2b748f3ee,"{""Lab02/tests/data/ami33/ami33.block"": ""e53918e9761e9050b808ff6526505154125cc3264d3da9089050500a208f8ec6"", ""Lab02/tests/data/ami33/ami33.nets"": ""be2e6f7c1e8056df46f92dee909fff6873bd6855ff1a7cc14479d9659e3cd963""}","[""--policy"", ""progress"", ""--seed"", ""211"", ""--seconds"", ""1"", ""--trace-every"", ""5000""]",c++ (Ubuntu 11.4.0-1ubuntu1~22.04) 11.4.0,Release,
policy-evaluation,Lab02,ami33,feasibility,211,4,1,CPU seconds,1.0472635300830007,0.99,4108.0,True,657928,valid,1,2e493ebf4690bda19a73196ec6a7e2a5d7e5975d101da03cd467bcb2b748f3ee,"{""Lab02/tests/data/ami33/ami33.block"": ""e53918e9761e9050b808ff6526505154125cc3264d3da9089050500a208f8ec6"", ""Lab02/tests/data/ami33/ami33.nets"": ""be2e6f7c1e8056df46f92dee909fff6873bd6855ff1a7cc14479d9659e3cd963""}","[""--policy"", ""feasibility"", ""--seed"", ""211"", ""--seconds"", ""1"", ""--trace-every"", ""5000""]",c++ (Ubuntu 11.4.0-1ubuntu1~22.04) 11.4.0,Release,
policy-evaluation,Lab02,ami33,legacy,211,5,1,CPU seconds,1.06617236090824,0.99,4244.0,False,,budget-exhausted,1,2e493ebf4690bda19a73196ec6a7e2a5d7e5975d101da03cd467bcb2b748f3ee,"{""Lab02/tests/data/ami33/ami33.block"": ""e53918e9761e9050b808ff6526505154125cc3264d3da9089050500a208f8ec6"", ""Lab02/tests/data/ami33/ami33.nets"": ""be2e6f7c1e8056df46f92dee909fff6873bd6855ff1a7cc14479d9659e3cd963""}","[""--policy"", ""legacy"", ""--seed"", ""211"", ""--seconds"", ""1"", ""--trace-every"", ""5000""]",c++ (Ubuntu 11.4.0-1ubuntu1~22.04) 11.4.0,Release,Lab2: No legal floorplan found within budget
policy-evaluation,Lab02,ami33,feasibility,307,6,1,CPU seconds,1.083530981093645,1.0,4100.0,True,657817,valid,1,2e493ebf4690bda19a73196ec6a7e2a5d7e5975d101da03cd467bcb2b748f3ee,"{""Lab02/tests/data/ami33/ami33.block"": ""e53918e9761e9050b808ff6526505154125cc3264d3da9089050500a208f8ec6"", ""Lab02/tests/data/ami33/ami33.nets"": ""be2e6f7c1e8056df46f92dee909fff6873bd6855ff1a7cc14479d9659e3cd963""}","[""--policy"", ""feasibility"", ""--seed"", ""307"", ""--seconds"", ""1"", ""--trace-every"", ""5000""]",c++ (Ubuntu 11.4.0-1ubuntu1~22.04) 11.4.0,Release,
policy-evaluation,Lab02,ami33,legacy,307,7,1,CPU seconds,1.0350265023298562,0.99,4316.0,False,,budget-exhausted,1,2e493ebf4690bda19a73196ec6a7e2a5d7e5975d101da03cd467bcb2b748f3ee,"{""Lab02/tests/data/ami33/ami33.block"": ""e53918e9761e9050b808ff6526505154125cc3264d3da9089050500a208f8ec6"", ""Lab02/tests/data/ami33/ami33.nets"": ""be2e6f7c1e8056df46f92dee909fff6873bd6855ff1a7cc14479d9659e3cd963""}","[""--policy"", ""legacy"", ""--seed"", ""307"", ""--seconds"", ""1"", ""--trace-every"", ""5000""]",c++ (Ubuntu 11.4.0-1ubuntu1~22.04) 11.4.0,Release,Lab2: No legal floorplan found within budget
policy-evaluation,Lab02,ami33,progress,307,8,1,CPU seconds,1.0165061568841338,0.99,4300.0,True,658434,valid,1,2e493ebf4690bda19a73196ec6a7e2a5d7e5975d101da03cd467bcb2b748f3ee,"{""Lab02/tests/data/ami33/ami33.block"": ""e53918e9761e9050b808ff6526505154125cc3264d3da9089050500a208f8ec6"", ""Lab02/tests/data/ami33/ami33.nets"": ""be2e6f7c1e8056df46f92dee909fff6873bd6855ff1a7cc14479d9659e3cd963""}","[""--policy"", ""progress"", ""--seed"", ""307"", ""--seconds"", ""1"", ""--trace-every"", ""5000""]",c++ (Ubuntu 11.4.0-1ubuntu1~22.04) 11.4.0,Release,
policy-evaluation,Lab02,ami33,legacy,409,9,1,CPU seconds,1.0202630520798266,1.0,4080.0,False,,budget-exhausted,1,2e493ebf4690bda19a73196ec6a7e2a5d7e5975d101da03cd467bcb2b748f3ee,"{""Lab02/tests/data/ami33/ami33.block"": ""e53918e9761e9050b808ff6526505154125cc3264d3da9089050500a208f8ec6"", ""Lab02/tests/data/ami33/ami33.nets"": ""be2e6f7c1e8056df46f92dee909fff6873bd6855ff1a7cc14479d9659e3cd963""}","[""--policy"", ""legacy"", ""--seed"", ""409"", ""--seconds"", ""1"", ""--trace-every"", ""5000""]",c++ (Ubuntu 11.4.0-1ubuntu1~22.04) 11.4.0,Release,Lab2: No legal floorplan found within budget
policy-evaluation,Lab02,ami33,progress,409,10,1,CPU seconds,1.065015773754567,1.0,4096.0,True,645990,valid,1,2e493ebf4690bda19a73196ec6a7e2a5d7e5975d101da03cd467bcb2b748f3ee,"{""Lab02/tests/data/ami33/ami33.block"": ""e53918e9761e9050b808ff6526505154125cc3264d3da9089050500a208f8ec6"", ""Lab02/tests/data/ami33/ami33.nets"": ""be2e6f7c1e8056df46f92dee909fff6873bd6855ff1a7cc14479d9659e3cd963""}","[""--policy"", ""progress"", ""--seed"", ""409"", ""--seconds"", ""1"", ""--trace-every"", ""5000""]",c++ (Ubuntu 11.4.0-1ubuntu1~22.04) 11.4.0,Release,
policy-evaluation,Lab02,ami33,feasibility,409,11,1,CPU seconds,1.0614908691495657,1.0,4308.0,True,658441,valid,1,2e493ebf4690bda19a73196ec6a7e2a5d7e5975d101da03cd467bcb2b748f3ee,"{""Lab02/tests/data/ami33/ami33.block"": ""e53918e9761e9050b808ff6526505154125cc3264d3da9089050500a208f8ec6"", ""Lab02/tests/data/ami33/ami33.nets"": ""be2e6f7c1e8056df46f92dee909fff6873bd6855ff1a7cc14479d9659e3cd963""}","[""--policy"", ""feasibility"", ""--seed"", ""409"", ""--seconds"", ""1"", ""--trace-every"", ""5000""]",c++ (Ubuntu 11.4.0-1ubuntu1~22.04) 11.4.0,Release,
policy-evaluation,Lab02,ami33,legacy,101,12,3,CPU seconds,3.017601395957172,2.9899999999999998,4244.0,True,684034,valid,1,2e493ebf4690bda19a73196ec6a7e2a5d7e5975d101da03cd467bcb2b748f3ee,"{""Lab02/tests/data/ami33/ami33.block"": ""e53918e9761e9050b808ff6526505154125cc3264d3da9089050500a208f8ec6"", ""Lab02/tests/data/ami33/ami33.nets"": ""be2e6f7c1e8056df46f92dee909fff6873bd6855ff1a7cc14479d9659e3cd963""}","[""--policy"", ""legacy"", ""--seed"", ""101"", ""--seconds"", ""3"", ""--trace-every"", ""5000""]",c++ (Ubuntu 11.4.0-1ubuntu1~22.04) 11.4.0,Release,
policy-evaluation,Lab02,ami33,progress,101,13,3,CPU seconds,3.101330573670566,2.9899999999999998,4100.0,True,646020,valid,1,2e493ebf4690bda19a73196ec6a7e2a5d7e5975d101da03cd467bcb2b748f3ee,"{""Lab02/tests/data/ami33/ami33.block"": ""e53918e9761e9050b808ff6526505154125cc3264d3da9089050500a208f8ec6"", ""Lab02/tests/data/ami33/ami33.nets"": ""be2e6f7c1e8056df46f92dee909fff6873bd6855ff1a7cc14479d9659e3cd963""}","[""--policy"", ""progress"", ""--seed"", ""101"", ""--seconds"", ""3"", ""--trace-every"", ""5000""]",c++ (Ubuntu 11.4.0-1ubuntu1~22.04) 11.4.0,Release,
policy-evaluation,Lab02,ami33,feasibility,101,14,3,CPU seconds,3.018546254839748,2.99,4204.0,True,660116,valid,1,2e493ebf4690bda19a73196ec6a7e2a5d7e5975d101da03cd467bcb2b748f3ee,"{""Lab02/tests/data/ami33/ami33.block"": ""e53918e9761e9050b808ff6526505154125cc3264d3da9089050500a208f8ec6"", ""Lab02/tests/data/ami33/ami33.nets"": ""be2e6f7c1e8056df46f92dee909fff6873bd6855ff1a7cc14479d9659e3cd963""}","[""--policy"", ""feasibility"", ""--seed"", ""101"", ""--seconds"", ""3"", ""--trace-every"", ""5000""]",c++ (Ubuntu 11.4.0-1ubuntu1~22.04) 11.4.0,Release,
policy-evaluation,Lab02,ami33,progress,211,15,3,CPU seconds,3.0218503209762275,3.0,4048.0,True,654226,valid,1,2e493ebf4690bda19a73196ec6a7e2a5d7e5975d101da03cd467bcb2b748f3ee,"{""Lab02/tests/data/ami33/ami33.block"": ""e53918e9761e9050b808ff6526505154125cc3264d3da9089050500a208f8ec6"", ""Lab02/tests/data/ami33/ami33.nets"": ""be2e6f7c1e8056df46f92dee909fff6873bd6855ff1a7cc14479d9659e3cd963""}","[""--policy"", ""progress"", ""--seed"", ""211"", ""--seconds"", ""3"", ""--trace-every"", ""5000""]",c++ (Ubuntu 11.4.0-1ubuntu1~22.04) 11.4.0,Release,
policy-evaluation,Lab02,ami33,feasibility,211,16,3,CPU seconds,3.0267567802220583,3.0,4260.0,True,652488,valid,1,2e493ebf4690bda19a73196ec6a7e2a5d7e5975d101da03cd467bcb2b748f3ee,"{""Lab02/tests/data/ami33/ami33.block"": ""e53918e9761e9050b808ff6526505154125cc3264d3da9089050500a208f8ec6"", ""Lab02/tests/data/ami33/ami33.nets"": ""be2e6f7c1e8056df46f92dee909fff6873bd6855ff1a7cc14479d9659e3cd963""}","[""--policy"", ""feasibility"", ""--seed"", ""211"", ""--seconds"", ""3"", ""--trace-every"", ""5000""]",c++ (Ubuntu 11.4.0-1ubuntu1~22.04) 11.4.0,Release,
policy-evaluation,Lab02,ami33,legacy,211,17,3,CPU seconds,3.035817469935864,2.99,4044.0,True,698860,valid,1,2e493ebf4690bda19a73196ec6a7e2a5d7e5975d101da03cd467bcb2b748f3ee,"{""Lab02/tests/data/ami33/ami33.block"": ""e53918e9761e9050b808ff6526505154125cc3264d3da9089050500a208f8ec6"", ""Lab02/tests/data/ami33/ami33.nets"": ""be2e6f7c1e8056df46f92dee909fff6873bd6855ff1a7cc14479d9659e3cd963""}","[""--policy"", ""legacy"", ""--seed"", ""211"", ""--seconds"", ""3"", ""--trace-every"", ""5000""]",c++ (Ubuntu 11.4.0-1ubuntu1~22.04) 11.4.0,Release,
policy-evaluation,Lab02,ami33,feasibility,307,18,3,CPU seconds,3.023432474117726,2.9899999999999998,4200.0,True,655082,valid,1,2e493ebf4690bda19a73196ec6a7e2a5d7e5975d101da03cd467bcb2b748f3ee,"{""Lab02/tests/data/ami33/ami33.block"": ""e53918e9761e9050b808ff6526505154125cc3264d3da9089050500a208f8ec6"", ""Lab02/tests/data/ami33/ami33.nets"": ""be2e6f7c1e8056df46f92dee909fff6873bd6855ff1a7cc14479d9659e3cd963""}","[""--policy"", ""feasibility"", ""--seed"", ""307"", ""--seconds"", ""3"", ""--trace-every"", ""5000""]",c++ (Ubuntu 11.4.0-1ubuntu1~22.04) 11.4.0,Release,
policy-evaluation,Lab02,ami33,legacy,307,19,3,CPU seconds,3.047880223020911,3.0,4236.0,True,664483,valid,1,2e493ebf4690bda19a73196ec6a7e2a5d7e5975d101da03cd467bcb2b748f3ee,"{""Lab02/tests/data/ami33/ami33.block"": ""e53918e9761e9050b808ff6526505154125cc3264d3da9089050500a208f8ec6"", ""Lab02/tests/data/ami33/ami33.nets"": ""be2e6f7c1e8056df46f92dee909fff6873bd6855ff1a7cc14479d9659e3cd963""}","[""--policy"", ""legacy"", ""--seed"", ""307"", ""--seconds"", ""3"", ""--trace-every"", ""5000""]",c++ (Ubuntu 11.4.0-1ubuntu1~22.04) 11.4.0,Release,
policy-evaluation,Lab02,ami33,progress,307,20,3,CPU seconds,3.018061842303723,2.99,4048.0,True,656447,valid,1,2e493ebf4690bda19a73196ec6a7e2a5d7e5975d101da03cd467bcb2b748f3ee,"{""Lab02/tests/data/ami33/ami33.block"": ""e53918e9761e9050b808ff6526505154125cc3264d3da9089050500a208f8ec6"", ""Lab02/tests/data/ami33/ami33.nets"": ""be2e6f7c1e8056df46f92dee909fff6873bd6855ff1a7cc14479d9659e3cd963""}","[""--policy"", ""progress"", ""--seed"", ""307"", ""--seconds"", ""3"", ""--trace-every"", ""5000""]",c++ (Ubuntu 11.4.0-1ubuntu1~22.04) 11.4.0,Release,
policy-evaluation,Lab02,ami33,legacy,409,21,3,CPU seconds,3.0535139781422913,3.0,4236.0,True,668610,valid,1,2e493ebf4690bda19a73196ec6a7e2a5d7e5975d101da03cd467bcb2b748f3ee,"{""Lab02/tests/data/ami33/ami33.block"": ""e53918e9761e9050b808ff6526505154125cc3264d3da9089050500a208f8ec6"", ""Lab02/tests/data/ami33/ami33.nets"": ""be2e6f7c1e8056df46f92dee909fff6873bd6855ff1a7cc14479d9659e3cd963""}","[""--policy"", ""legacy"", ""--seed"", ""409"", ""--seconds"", ""3"", ""--trace-every"", ""5000""]",c++ (Ubuntu 11.4.0-1ubuntu1~22.04) 11.4.0,Release,
policy-evaluation,Lab02,ami33,progress,409,22,3,CPU seconds,3.0277517433278263,2.9899999999999998,4008.0,True,645990,valid,1,2e493ebf4690bda19a73196ec6a7e2a5d7e5975d101da03cd467bcb2b748f3ee,"{""Lab02/tests/data/ami33/ami33.block"": ""e53918e9761e9050b808ff6526505154125cc3264d3da9089050500a208f8ec6"", ""Lab02/tests/data/ami33/ami33.nets"": ""be2e6f7c1e8056df46f92dee909fff6873bd6855ff1a7cc14479d9659e3cd963""}","[""--policy"", ""progress"", ""--seed"", ""409"", ""--seconds"", ""3"", ""--trace-every"", ""5000""]",c++ (Ubuntu 11.4.0-1ubuntu1~22.04) 11.4.0,Release,
policy-evaluation,Lab02,ami33,feasibility,409,23,3,CPU seconds,3.063616804778576,3.0,4308.0,True,654599,valid,1,2e493ebf4690bda19a73196ec6a7e2a5d7e5975d101da03cd467bcb2b748f3ee,"{""Lab02/tests/data/ami33/ami33.block"": ""e53918e9761e9050b808ff6526505154125cc3264d3da9089050500a208f8ec6"", ""Lab02/tests/data/ami33/ami33.nets"": ""be2e6f7c1e8056df46f92dee909fff6873bd6855ff1a7cc14479d9659e3cd963""}","[""--policy"", ""feasibility"", ""--seed"", ""409"", ""--seconds"", ""3"", ""--trace-every"", ""5000""]",c++ (Ubuntu 11.4.0-1ubuntu1~22.04) 11.4.0,Release,
policy-evaluation,Lab02,ami49,legacy,101,24,1,CPU seconds,1.0148084950633347,0.99,4216.0,False,,budget-exhausted,1,2e493ebf4690bda19a73196ec6a7e2a5d7e5975d101da03cd467bcb2b748f3ee,"{""Lab02/tests/data/ami49/ami49.block"": ""8efc43bd41100580b3239072bbfa9c736f9fefacc46134cb1169f23826a4b35c"", ""Lab02/tests/data/ami49/ami49.nets"": ""6f1bab715977f297987a7bae300db5ddb6cb90842cb3ba24d4bf7e7afe077230""}","[""--policy"", ""legacy"", ""--seed"", ""101"", ""--seconds"", ""1"", ""--trace-every"", ""5000""]",c++ (Ubuntu 11.4.0-1ubuntu1~22.04) 11.4.0,Release,Lab2: No legal floorplan found within budget
policy-evaluation,Lab02,ami49,progress,101,25,1,CPU seconds,1.0183929209597409,0.99,4140.0,True,19920719,valid,1,2e493ebf4690bda19a73196ec6a7e2a5d7e5975d101da03cd467bcb2b748f3ee,"{""Lab02/tests/data/ami49/ami49.block"": ""8efc43bd41100580b3239072bbfa9c736f9fefacc46134cb1169f23826a4b35c"", ""Lab02/tests/data/ami49/ami49.nets"": ""6f1bab715977f297987a7bae300db5ddb6cb90842cb3ba24d4bf7e7afe077230""}","[""--policy"", ""progress"", ""--seed"", ""101"", ""--seconds"", ""1"", ""--trace-every"", ""5000""]",c++ (Ubuntu 11.4.0-1ubuntu1~22.04) 11.4.0,Release,
policy-evaluation,Lab02,ami49,feasibility,101,26,1,CPU seconds,1.0600399360992014,0.99,4284.0,True,19619288,valid,1,2e493ebf4690bda19a73196ec6a7e2a5d7e5975d101da03cd467bcb2b748f3ee,"{""Lab02/tests/data/ami49/ami49.block"": ""8efc43bd41100580b3239072bbfa9c736f9fefacc46134cb1169f23826a4b35c"", ""Lab02/tests/data/ami49/ami49.nets"": ""6f1bab715977f297987a7bae300db5ddb6cb90842cb3ba24d4bf7e7afe077230""}","[""--policy"", ""feasibility"", ""--seed"", ""101"", ""--seconds"", ""1"", ""--trace-every"", ""5000""]",c++ (Ubuntu 11.4.0-1ubuntu1~22.04) 11.4.0,Release,
policy-evaluation,Lab02,ami49,progress,211,27,1,CPU seconds,1.0451280609704554,1.0,4132.0,True,19738617,valid,1,2e493ebf4690bda19a73196ec6a7e2a5d7e5975d101da03cd467bcb2b748f3ee,"{""Lab02/tests/data/ami49/ami49.block"": ""8efc43bd41100580b3239072bbfa9c736f9fefacc46134cb1169f23826a4b35c"", ""Lab02/tests/data/ami49/ami49.nets"": ""6f1bab715977f297987a7bae300db5ddb6cb90842cb3ba24d4bf7e7afe077230""}","[""--policy"", ""progress"", ""--seed"", ""211"", ""--seconds"", ""1"", ""--trace-every"", ""5000""]",c++ (Ubuntu 11.4.0-1ubuntu1~22.04) 11.4.0,Release,
policy-evaluation,Lab02,ami49,feasibility,211,28,1,CPU seconds,1.0257607870735228,1.0,4240.0,True,20445638,valid,1,2e493ebf4690bda19a73196ec6a7e2a5d7e5975d101da03cd467bcb2b748f3ee,"{""Lab02/tests/data/ami49/ami49.block"": ""8efc43bd41100580b3239072bbfa9c736f9fefacc46134cb1169f23826a4b35c"", ""Lab02/tests/data/ami49/ami49.nets"": ""6f1bab715977f297987a7bae300db5ddb6cb90842cb3ba24d4bf7e7afe077230""}","[""--policy"", ""feasibility"", ""--seed"", ""211"", ""--seconds"", ""1"", ""--trace-every"", ""5000""]",c++ (Ubuntu 11.4.0-1ubuntu1~22.04) 11.4.0,Release,
policy-evaluation,Lab02,ami49,legacy,211,29,1,CPU seconds,1.0151816047728062,0.99,4288.0,False,,budget-exhausted,1,2e493ebf4690bda19a73196ec6a7e2a5d7e5975d101da03cd467bcb2b748f3ee,"{""Lab02/tests/data/ami49/ami49.block"": ""8efc43bd41100580b3239072bbfa9c736f9fefacc46134cb1169f23826a4b35c"", ""Lab02/tests/data/ami49/ami49.nets"": ""6f1bab715977f297987a7bae300db5ddb6cb90842cb3ba24d4bf7e7afe077230""}","[""--policy"", ""legacy"", ""--seed"", ""211"", ""--seconds"", ""1"", ""--trace-every"", ""5000""]",c++ (Ubuntu 11.4.0-1ubuntu1~22.04) 11.4.0,Release,Lab2: No legal floorplan found within budget
policy-evaluation,Lab02,ami49,feasibility,307,30,1,CPU seconds,1.0249520996585488,1.0,4140.0,True,19696089,valid,1,2e493ebf4690bda19a73196ec6a7e2a5d7e5975d101da03cd467bcb2b748f3ee,"{""Lab02/tests/data/ami49/ami49.block"": ""8efc43bd41100580b3239072bbfa9c736f9fefacc46134cb1169f23826a4b35c"", ""Lab02/tests/data/ami49/ami49.nets"": ""6f1bab715977f297987a7bae300db5ddb6cb90842cb3ba24d4bf7e7afe077230""}","[""--policy"", ""feasibility"", ""--seed"", ""307"", ""--seconds"", ""1"", ""--trace-every"", ""5000""]",c++ (Ubuntu 11.4.0-1ubuntu1~22.04) 11.4.0,Release,
policy-evaluation,Lab02,ami49,legacy,307,31,1,CPU seconds,1.0757125709205866,0.99,4276.0,False,,budget-exhausted,1,2e493ebf4690bda19a73196ec6a7e2a5d7e5975d101da03cd467bcb2b748f3ee,"{""Lab02/tests/data/ami49/ami49.block"": ""8efc43bd41100580b3239072bbfa9c736f9fefacc46134cb1169f23826a4b35c"", ""Lab02/tests/data/ami49/ami49.nets"": ""6f1bab715977f297987a7bae300db5ddb6cb90842cb3ba24d4bf7e7afe077230""}","[""--policy"", ""legacy"", ""--seed"", ""307"", ""--seconds"", ""1"", ""--trace-every"", ""5000""]",c++ (Ubuntu 11.4.0-1ubuntu1~22.04) 11.4.0,Release,Lab2: No legal floorplan found within budget
policy-evaluation,Lab02,ami49,progress,307,32,1,CPU seconds,1.0191103797405958,0.99,4132.0,True,19326601,valid,1,2e493ebf4690bda19a73196ec6a7e2a5d7e5975d101da03cd467bcb2b748f3ee,"{""Lab02/tests/data/ami49/ami49.block"": ""8efc43bd41100580b3239072bbfa9c736f9fefacc46134cb1169f23826a4b35c"", ""Lab02/tests/data/ami49/ami49.nets"": ""6f1bab715977f297987a7bae300db5ddb6cb90842cb3ba24d4bf7e7afe077230""}","[""--policy"", ""progress"", ""--seed"", ""307"", ""--seconds"", ""1"", ""--trace-every"", ""5000""]",c++ (Ubuntu 11.4.0-1ubuntu1~22.04) 11.4.0,Release,
policy-evaluation,Lab02,ami49,legacy,409,33,1,CPU seconds,1.0243702358566225,0.99,4216.0,False,,budget-exhausted,1,2e493ebf4690bda19a73196ec6a7e2a5d7e5975d101da03cd467bcb2b748f3ee,"{""Lab02/tests/data/ami49/ami49.block"": ""8efc43bd41100580b3239072bbfa9c736f9fefacc46134cb1169f23826a4b35c"", ""Lab02/tests/data/ami49/ami49.nets"": ""6f1bab715977f297987a7bae300db5ddb6cb90842cb3ba24d4bf7e7afe077230""}","[""--policy"", ""legacy"", ""--seed"", ""409"", ""--seconds"", ""1"", ""--trace-every"", ""5000""]",c++ (Ubuntu 11.4.0-1ubuntu1~22.04) 11.4.0,Release,Lab2: No legal floorplan found within budget
policy-evaluation,Lab02,ami49,progress,409,34,1,CPU seconds,1.0223885239101946,0.99,4148.0,True,19605582,valid,1,2e493ebf4690bda19a73196ec6a7e2a5d7e5975d101da03cd467bcb2b748f3ee,"{""Lab02/tests/data/ami49/ami49.block"": ""8efc43bd41100580b3239072bbfa9c736f9fefacc46134cb1169f23826a4b35c"", ""Lab02/tests/data/ami49/ami49.nets"": ""6f1bab715977f297987a7bae300db5ddb6cb90842cb3ba24d4bf7e7afe077230""}","[""--policy"", ""progress"", ""--seed"", ""409"", ""--seconds"", ""1"", ""--trace-every"", ""5000""]",c++ (Ubuntu 11.4.0-1ubuntu1~22.04) 11.4.0,Release,
policy-evaluation,Lab02,ami49,feasibility,409,35,1,CPU seconds,1.0727172112092376,0.99,4428.0,True,20014774,valid,1,2e493ebf4690bda19a73196ec6a7e2a5d7e5975d101da03cd467bcb2b748f3ee,"{""Lab02/tests/data/ami49/ami49.block"": ""8efc43bd41100580b3239072bbfa9c736f9fefacc46134cb1169f23826a4b35c"", ""Lab02/tests/data/ami49/ami49.nets"": ""6f1bab715977f297987a7bae300db5ddb6cb90842cb3ba24d4bf7e7afe077230""}","[""--policy"", ""feasibility"", ""--seed"", ""409"", ""--seconds"", ""1"", ""--trace-every"", ""5000""]",c++ (Ubuntu 11.4.0-1ubuntu1~22.04) 11.4.0,Release,
policy-evaluation,Lab02,ami49,legacy,101,36,3,CPU seconds,3.0737512833438814,2.99,4312.0,False,,budget-exhausted,1,2e493ebf4690bda19a73196ec6a7e2a5d7e5975d101da03cd467bcb2b748f3ee,"{""Lab02/tests/data/ami49/ami49.block"": ""8efc43bd41100580b3239072bbfa9c736f9fefacc46134cb1169f23826a4b35c"", ""Lab02/tests/data/ami49/ami49.nets"": ""6f1bab715977f297987a7bae300db5ddb6cb90842cb3ba24d4bf7e7afe077230""}","[""--policy"", ""legacy"", ""--seed"", ""101"", ""--seconds"", ""3"", ""--trace-every"", ""5000""]",c++ (Ubuntu 11.4.0-1ubuntu1~22.04) 11.4.0,Release,Lab2: No legal floorplan found within budget
policy-evaluation,Lab02,ami49,progress,101,37,3,CPU seconds,3.101764368824661,2.9899999999999998,4364.0,True,19297883,valid,1,2e493ebf4690bda19a73196ec6a7e2a5d7e5975d101da03cd467bcb2b748f3ee,"{""Lab02/tests/data/ami49/ami49.block"": ""8efc43bd41100580b3239072bbfa9c736f9fefacc46134cb1169f23826a4b35c"", ""Lab02/tests/data/ami49/ami49.nets"": ""6f1bab715977f297987a7bae300db5ddb6cb90842cb3ba24d4bf7e7afe077230""}","[""--policy"", ""progress"", ""--seed"", ""101"", ""--seconds"", ""3"", ""--trace-every"", ""5000""]",c++ (Ubuntu 11.4.0-1ubuntu1~22.04) 11.4.0,Release,
policy-evaluation,Lab02,ami49,feasibility,101,38,3,CPU seconds,3.1235318798571825,3.0,4344.0,True,19453924,valid,1,2e493ebf4690bda19a73196ec6a7e2a5d7e5975d101da03cd467bcb2b748f3ee,"{""Lab02/tests/data/ami49/ami49.block"": ""8efc43bd41100580b3239072bbfa9c736f9fefacc46134cb1169f23826a4b35c"", ""Lab02/tests/data/ami49/ami49.nets"": ""6f1bab715977f297987a7bae300db5ddb6cb90842cb3ba24d4bf7e7afe077230""}","[""--policy"", ""feasibility"", ""--seed"", ""101"", ""--seconds"", ""3"", ""--trace-every"", ""5000""]",c++ (Ubuntu 11.4.0-1ubuntu1~22.04) 11.4.0,Release,
policy-evaluation,Lab02,ami49,progress,211,39,3,CPU seconds,3.3033947069197893,2.9899999999999998,4152.0,True,19472446,valid,1,2e493ebf4690bda19a73196ec6a7e2a5d7e5975d101da03cd467bcb2b748f3ee,"{""Lab02/tests/data/ami49/ami49.block"": ""8efc43bd41100580b3239072bbfa9c736f9fefacc46134cb1169f23826a4b35c"", ""Lab02/tests/data/ami49/ami49.nets"": ""6f1bab715977f297987a7bae300db5ddb6cb90842cb3ba24d4bf7e7afe077230""}","[""--policy"", ""progress"", ""--seed"", ""211"", ""--seconds"", ""3"", ""--trace-every"", ""5000""]",c++ (Ubuntu 11.4.0-1ubuntu1~22.04) 11.4.0,Release,
policy-evaluation,Lab02,ami49,feasibility,211,40,3,CPU seconds,3.0795214320532978,2.99,4428.0,True,19643060,valid,1,2e493ebf4690bda19a73196ec6a7e2a5d7e5975d101da03cd467bcb2b748f3ee,"{""Lab02/tests/data/ami49/ami49.block"": ""8efc43bd41100580b3239072bbfa9c736f9fefacc46134cb1169f23826a4b35c"", ""Lab02/tests/data/ami49/ami49.nets"": ""6f1bab715977f297987a7bae300db5ddb6cb90842cb3ba24d4bf7e7afe077230""}","[""--policy"", ""feasibility"", ""--seed"", ""211"", ""--seconds"", ""3"", ""--trace-every"", ""5000""]",c++ (Ubuntu 11.4.0-1ubuntu1~22.04) 11.4.0,Release,
policy-evaluation,Lab02,ami49,legacy,211,41,3,CPU seconds,3.1125931688584387,3.0,4416.0,False,,budget-exhausted,1,2e493ebf4690bda19a73196ec6a7e2a5d7e5975d101da03cd467bcb2b748f3ee,"{""Lab02/tests/data/ami49/ami49.block"": ""8efc43bd41100580b3239072bbfa9c736f9fefacc46134cb1169f23826a4b35c"", ""Lab02/tests/data/ami49/ami49.nets"": ""6f1bab715977f297987a7bae300db5ddb6cb90842cb3ba24d4bf7e7afe077230""}","[""--policy"", ""legacy"", ""--seed"", ""211"", ""--seconds"", ""3"", ""--trace-every"", ""5000""]",c++ (Ubuntu 11.4.0-1ubuntu1~22.04) 11.4.0,Release,Lab2: No legal floorplan found within budget
policy-evaluation,Lab02,ami49,feasibility,307,42,3,CPU seconds,3.250567852985114,2.99,4140.0,True,19245264,valid,1,2e493ebf4690bda19a73196ec6a7e2a5d7e5975d101da03cd467bcb2b748f3ee,"{""Lab02/tests/data/ami49/ami49.block"": ""8efc43bd41100580b3239072bbfa9c736f9fefacc46134cb1169f23826a4b35c"", ""Lab02/tests/data/ami49/ami49.nets"": ""6f1bab715977f297987a7bae300db5ddb6cb90842cb3ba24d4bf7e7afe077230""}","[""--policy"", ""feasibility"", ""--seed"", ""307"", ""--seconds"", ""3"", ""--trace-every"", ""5000""]",c++ (Ubuntu 11.4.0-1ubuntu1~22.04) 11.4.0,Release,
policy-evaluation,Lab02,ami49,legacy,307,43,3,CPU seconds,3.1222674869932234,3.0,4248.0,False,,budget-exhausted,1,2e493ebf4690bda19a73196ec6a7e2a5d7e5975d101da03cd467bcb2b748f3ee,"{""Lab02/tests/data/ami49/ami49.block"": ""8efc43bd41100580b3239072bbfa9c736f9fefacc46134cb1169f23826a4b35c"", ""Lab02/tests/data/ami49/ami49.nets"": ""6f1bab715977f297987a7bae300db5ddb6cb90842cb3ba24d4bf7e7afe077230""}","[""--policy"", ""legacy"", ""--seed"", ""307"", ""--seconds"", ""3"", ""--trace-every"", ""5000""]",c++ (Ubuntu 11.4.0-1ubuntu1~22.04) 11.4.0,Release,Lab2: No legal floorplan found within budget
policy-evaluation,Lab02,ami49,progress,307,44,3,CPU seconds,3.3052853643894196,3.0,4332.0,True,19313917,valid,1,2e493ebf4690bda19a73196ec6a7e2a5d7e5975d101da03cd467bcb2b748f3ee,"{""Lab02/tests/data/ami49/ami49.block"": ""8efc43bd41100580b3239072bbfa9c736f9fefacc46134cb1169f23826a4b35c"", ""Lab02/tests/data/ami49/ami49.nets"": ""6f1bab715977f297987a7bae300db5ddb6cb90842cb3ba24d4bf7e7afe077230""}","[""--policy"", ""progress"", ""--seed"", ""307"", ""--seconds"", ""3"", ""--trace-every"", ""5000""]",c++ (Ubuntu 11.4.0-1ubuntu1~22.04) 11.4.0,Release,
policy-evaluation,Lab02,ami49,legacy,409,45,3,CPU seconds,3.2357016606256366,2.99,4104.0,False,,budget-exhausted,1,2e493ebf4690bda19a73196ec6a7e2a5d7e5975d101da03cd467bcb2b748f3ee,"{""Lab02/tests/data/ami49/ami49.block"": ""8efc43bd41100580b3239072bbfa9c736f9fefacc46134cb1169f23826a4b35c"", ""Lab02/tests/data/ami49/ami49.nets"": ""6f1bab715977f297987a7bae300db5ddb6cb90842cb3ba24d4bf7e7afe077230""}","[""--policy"", ""legacy"", ""--seed"", ""409"", ""--seconds"", ""3"", ""--trace-every"", ""5000""]",c++ (Ubuntu 11.4.0-1ubuntu1~22.04) 11.4.0,Release,Lab2: No legal floorplan found within budget
policy-evaluation,Lab02,ami49,progress,409,46,3,CPU seconds,3.230797103140503,3.0,4160.0,True,19458166,valid,1,2e493ebf4690bda19a73196ec6a7e2a5d7e5975d101da03cd467bcb2b748f3ee,"{""Lab02/tests/data/ami49/ami49.block"": ""8efc43bd41100580b3239072bbfa9c736f9fefacc46134cb1169f23826a4b35c"", ""Lab02/tests/data/ami49/ami49.nets"": ""6f1bab715977f297987a7bae300db5ddb6cb90842cb3ba24d4bf7e7afe077230""}","[""--policy"", ""progress"", ""--seed"", ""409"", ""--seconds"", ""3"", ""--trace-every"", ""5000""]",c++ (Ubuntu 11.4.0-1ubuntu1~22.04) 11.4.0,Release,
policy-evaluation,Lab02,ami49,feasibility,409,47,3,CPU seconds,3.1160110272467136,2.9899999999999998,4344.0,True,19293746,valid,1,2e493ebf4690bda19a73196ec6a7e2a5d7e5975d101da03cd467bcb2b748f3ee,"{""Lab02/tests/data/ami49/ami49.block"": ""8efc43bd41100580b3239072bbfa9c736f9fefacc46134cb1169f23826a4b35c"", ""Lab02/tests/data/ami49/ami49.nets"": ""6f1bab715977f297987a7bae300db5ddb6cb90842cb3ba24d4bf7e7afe077230""}","[""--policy"", ""feasibility"", ""--seed"", ""409"", ""--seconds"", ""3"", ""--trace-every"", ""5000""]",c++ (Ubuntu 11.4.0-1ubuntu1~22.04) 11.4.0,Release,
policy-evaluation,Lab02,vda317b,legacy,101,48,1,CPU seconds,1.0937565742060542,0.99,4220.0,False,,budget-exhausted,1,2e493ebf4690bda19a73196ec6a7e2a5d7e5975d101da03cd467bcb2b748f3ee,"{""Lab02/tests/data/vda317b/vda317b.block"": ""ec8b3b45efc35c1368590e2dc7c9d518071a3dbbd1434c1d6c542464bcc7e126"", ""Lab02/tests/data/vda317b/vda317b.nets"": ""7bccf7ab59afd1a0dbf20f5a1a757e47f3a86a9bbc598bf8b0bd91c97e953ad6""}","[""--policy"", ""legacy"", ""--seed"", ""101"", ""--seconds"", ""1"", ""--trace-every"", ""5000""]",c++ (Ubuntu 11.4.0-1ubuntu1~22.04) 11.4.0,Release,Lab2: No legal floorplan found within budget
policy-evaluation,Lab02,vda317b,progress,101,49,1,CPU seconds,1.2942328220233321,1.0,4320.0,True,37764522,valid,1,2e493ebf4690bda19a73196ec6a7e2a5d7e5975d101da03cd467bcb2b748f3ee,"{""Lab02/tests/data/vda317b/vda317b.block"": ""ec8b3b45efc35c1368590e2dc7c9d518071a3dbbd1434c1d6c542464bcc7e126"", ""Lab02/tests/data/vda317b/vda317b.nets"": ""7bccf7ab59afd1a0dbf20f5a1a757e47f3a86a9bbc598bf8b0bd91c97e953ad6""}","[""--policy"", ""progress"", ""--seed"", ""101"", ""--seconds"", ""1"", ""--trace-every"", ""5000""]",c++ (Ubuntu 11.4.0-1ubuntu1~22.04) 11.4.0,Release,
policy-evaluation,Lab02,vda317b,feasibility,101,50,1,CPU seconds,1.1552160382270813,0.99,4328.0,True,35968004,valid,1,2e493ebf4690bda19a73196ec6a7e2a5d7e5975d101da03cd467bcb2b748f3ee,"{""Lab02/tests/data/vda317b/vda317b.block"": ""ec8b3b45efc35c1368590e2dc7c9d518071a3dbbd1434c1d6c542464bcc7e126"", ""Lab02/tests/data/vda317b/vda317b.nets"": ""7bccf7ab59afd1a0dbf20f5a1a757e47f3a86a9bbc598bf8b0bd91c97e953ad6""}","[""--policy"", ""feasibility"", ""--seed"", ""101"", ""--seconds"", ""1"", ""--trace-every"", ""5000""]",c++ (Ubuntu 11.4.0-1ubuntu1~22.04) 11.4.0,Release,
policy-evaluation,Lab02,vda317b,progress,211,51,1,CPU seconds,1.1572909052483737,1.0,4360.0,True,34740292,valid,1,2e493ebf4690bda19a73196ec6a7e2a5d7e5975d101da03cd467bcb2b748f3ee,"{""Lab02/tests/data/vda317b/vda317b.block"": ""ec8b3b45efc35c1368590e2dc7c9d518071a3dbbd1434c1d6c542464bcc7e126"", ""Lab02/tests/data/vda317b/vda317b.nets"": ""7bccf7ab59afd1a0dbf20f5a1a757e47f3a86a9bbc598bf8b0bd91c97e953ad6""}","[""--policy"", ""progress"", ""--seed"", ""211"", ""--seconds"", ""1"", ""--trace-every"", ""5000""]",c++ (Ubuntu 11.4.0-1ubuntu1~22.04) 11.4.0,Release,
policy-evaluation,Lab02,vda317b,feasibility,211,52,1,CPU seconds,1.1152048511430621,1.0,4264.0,True,36452902,valid,1,2e493ebf4690bda19a73196ec6a7e2a5d7e5975d101da03cd467bcb2b748f3ee,"{""Lab02/tests/data/vda317b/vda317b.block"": ""ec8b3b45efc35c1368590e2dc7c9d518071a3dbbd1434c1d6c542464bcc7e126"", ""Lab02/tests/data/vda317b/vda317b.nets"": ""7bccf7ab59afd1a0dbf20f5a1a757e47f3a86a9bbc598bf8b0bd91c97e953ad6""}","[""--policy"", ""feasibility"", ""--seed"", ""211"", ""--seconds"", ""1"", ""--trace-every"", ""5000""]",c++ (Ubuntu 11.4.0-1ubuntu1~22.04) 11.4.0,Release,
policy-evaluation,Lab02,vda317b,legacy,211,53,1,CPU seconds,1.0561615508049726,1.0,4364.0,False,,budget-exhausted,1,2e493ebf4690bda19a73196ec6a7e2a5d7e5975d101da03cd467bcb2b748f3ee,"{""Lab02/tests/data/vda317b/vda317b.block"": ""ec8b3b45efc35c1368590e2dc7c9d518071a3dbbd1434c1d6c542464bcc7e126"", ""Lab02/tests/data/vda317b/vda317b.nets"": ""7bccf7ab59afd1a0dbf20f5a1a757e47f3a86a9bbc598bf8b0bd91c97e953ad6""}","[""--policy"", ""legacy"", ""--seed"", ""211"", ""--seconds"", ""1"", ""--trace-every"", ""5000""]",c++ (Ubuntu 11.4.0-1ubuntu1~22.04) 11.4.0,Release,Lab2: No legal floorplan found within budget
policy-evaluation,Lab02,vda317b,feasibility,307,54,1,CPU seconds,1.0377600896172225,0.99,4328.0,True,35704324,valid,1,2e493ebf4690bda19a73196ec6a7e2a5d7e5975d101da03cd467bcb2b748f3ee,"{""Lab02/tests/data/vda317b/vda317b.block"": ""ec8b3b45efc35c1368590e2dc7c9d518071a3dbbd1434c1d6c542464bcc7e126"", ""Lab02/tests/data/vda317b/vda317b.nets"": ""7bccf7ab59afd1a0dbf20f5a1a757e47f3a86a9bbc598bf8b0bd91c97e953ad6""}","[""--policy"", ""feasibility"", ""--seed"", ""307"", ""--seconds"", ""1"", ""--trace-every"", ""5000""]",c++ (Ubuntu 11.4.0-1ubuntu1~22.04) 11.4.0,Release,
policy-evaluation,Lab02,vda317b,legacy,307,55,1,CPU seconds,1.1122573278844357,1.0,4232.0,False,,budget-exhausted,1,2e493ebf4690bda19a73196ec6a7e2a5d7e5975d101da03cd467bcb2b748f3ee,"{""Lab02/tests/data/vda317b/vda317b.block"": ""ec8b3b45efc35c1368590e2dc7c9d518071a3dbbd1434c1d6c542464bcc7e126"", ""Lab02/tests/data/vda317b/vda317b.nets"": ""7bccf7ab59afd1a0dbf20f5a1a757e47f3a86a9bbc598bf8b0bd91c97e953ad6""}","[""--policy"", ""legacy"", ""--seed"", ""307"", ""--seconds"", ""1"", ""--trace-every"", ""5000""]",c++ (Ubuntu 11.4.0-1ubuntu1~22.04) 11.4.0,Release,Lab2: No legal floorplan found within budget
policy-evaluation,Lab02,vda317b,progress,307,56,1,CPU seconds,1.2407033247873187,1.0,4324.0,True,37109734,valid,1,2e493ebf4690bda19a73196ec6a7e2a5d7e5975d101da03cd467bcb2b748f3ee,"{""Lab02/tests/data/vda317b/vda317b.block"": ""ec8b3b45efc35c1368590e2dc7c9d518071a3dbbd1434c1d6c542464bcc7e126"", ""Lab02/tests/data/vda317b/vda317b.nets"": ""7bccf7ab59afd1a0dbf20f5a1a757e47f3a86a9bbc598bf8b0bd91c97e953ad6""}","[""--policy"", ""progress"", ""--seed"", ""307"", ""--seconds"", ""1"", ""--trace-every"", ""5000""]",c++ (Ubuntu 11.4.0-1ubuntu1~22.04) 11.4.0,Release,
policy-evaluation,Lab02,vda317b,legacy,409,57,1,CPU seconds,1.1989519922062755,0.99,4360.0,False,,budget-exhausted,1,2e493ebf4690bda19a73196ec6a7e2a5d7e5975d101da03cd467bcb2b748f3ee,"{""Lab02/tests/data/vda317b/vda317b.block"": ""ec8b3b45efc35c1368590e2dc7c9d518071a3dbbd1434c1d6c542464bcc7e126"", ""Lab02/tests/data/vda317b/vda317b.nets"": ""7bccf7ab59afd1a0dbf20f5a1a757e47f3a86a9bbc598bf8b0bd91c97e953ad6""}","[""--policy"", ""legacy"", ""--seed"", ""409"", ""--seconds"", ""1"", ""--trace-every"", ""5000""]",c++ (Ubuntu 11.4.0-1ubuntu1~22.04) 11.4.0,Release,Lab2: No legal floorplan found within budget
policy-evaluation,Lab02,vda317b,progress,409,58,1,CPU seconds,1.2083283243700862,1.0,4360.0,True,37316687,valid,1,2e493ebf4690bda19a73196ec6a7e2a5d7e5975d101da03cd467bcb2b748f3ee,"{""Lab02/tests/data/vda317b/vda317b.block"": ""ec8b3b45efc35c1368590e2dc7c9d518071a3dbbd1434c1d6c542464bcc7e126"", ""Lab02/tests/data/vda317b/vda317b.nets"": ""7bccf7ab59afd1a0dbf20f5a1a757e47f3a86a9bbc598bf8b0bd91c97e953ad6""}","[""--policy"", ""progress"", ""--seed"", ""409"", ""--seconds"", ""1"", ""--trace-every"", ""5000""]",c++ (Ubuntu 11.4.0-1ubuntu1~22.04) 11.4.0,Release,
policy-evaluation,Lab02,vda317b,feasibility,409,59,1,CPU seconds,1.2540262532420456,1.0,4212.0,True,36874744,valid,1,2e493ebf4690bda19a73196ec6a7e2a5d7e5975d101da03cd467bcb2b748f3ee,"{""Lab02/tests/data/vda317b/vda317b.block"": ""ec8b3b45efc35c1368590e2dc7c9d518071a3dbbd1434c1d6c542464bcc7e126"", ""Lab02/tests/data/vda317b/vda317b.nets"": ""7bccf7ab59afd1a0dbf20f5a1a757e47f3a86a9bbc598bf8b0bd91c97e953ad6""}","[""--policy"", ""feasibility"", ""--seed"", ""409"", ""--seconds"", ""1"", ""--trace-every"", ""5000""]",c++ (Ubuntu 11.4.0-1ubuntu1~22.04) 11.4.0,Release,
policy-evaluation,Lab02,vda317b,legacy,101,60,3,CPU seconds,3.221403635572642,2.9899999999999998,4236.0,True,25441242,valid,1,2e493ebf4690bda19a73196ec6a7e2a5d7e5975d101da03cd467bcb2b748f3ee,"{""Lab02/tests/data/vda317b/vda317b.block"": ""ec8b3b45efc35c1368590e2dc7c9d518071a3dbbd1434c1d6c542464bcc7e126"", ""Lab02/tests/data/vda317b/vda317b.nets"": ""7bccf7ab59afd1a0dbf20f5a1a757e47f3a86a9bbc598bf8b0bd91c97e953ad6""}","[""--policy"", ""legacy"", ""--seed"", ""101"", ""--seconds"", ""3"", ""--trace-every"", ""5000""]",c++ (Ubuntu 11.4.0-1ubuntu1~22.04) 11.4.0,Release,
policy-evaluation,Lab02,vda317b,progress,101,61,3,CPU seconds,3.271933868061751,2.9899999999999998,4168.0,True,32387652,valid,1,2e493ebf4690bda19a73196ec6a7e2a5d7e5975d101da03cd467bcb2b748f3ee,"{""Lab02/tests/data/vda317b/vda317b.block"": ""ec8b3b45efc35c1368590e2dc7c9d518071a3dbbd1434c1d6c542464bcc7e126"", ""Lab02/tests/data/vda317b/vda317b.nets"": ""7bccf7ab59afd1a0dbf20f5a1a757e47f3a86a9bbc598bf8b0bd91c97e953ad6""}","[""--policy"", ""progress"", ""--seed"", ""101"", ""--seconds"", ""3"", ""--trace-every"", ""5000""]",c++ (Ubuntu 11.4.0-1ubuntu1~22.04) 11.4.0,Release,
policy-evaluation,Lab02,vda317b,feasibility,101,62,3,CPU seconds,3.1912160823121667,3.0,4344.0,True,31533318,valid,1,2e493ebf4690bda19a73196ec6a7e2a5d7e5975d101da03cd467bcb2b748f3ee,"{""Lab02/tests/data/vda317b/vda317b.block"": ""ec8b3b45efc35c1368590e2dc7c9d518071a3dbbd1434c1d6c542464bcc7e126"", ""Lab02/tests/data/vda317b/vda317b.nets"": ""7bccf7ab59afd1a0dbf20f5a1a757e47f3a86a9bbc598bf8b0bd91c97e953ad6""}","[""--policy"", ""feasibility"", ""--seed"", ""101"", ""--seconds"", ""3"", ""--trace-every"", ""5000""]",c++ (Ubuntu 11.4.0-1ubuntu1~22.04) 11.4.0,Release,
policy-evaluation,Lab02,vda317b,progress,211,63,3,CPU seconds,3.247540770098567,2.99,4324.0,True,28208405,valid,1,2e493ebf4690bda19a73196ec6a7e2a5d7e5975d101da03cd467bcb2b748f3ee,"{""Lab02/tests/data/vda317b/vda317b.block"": ""ec8b3b45efc35c1368590e2dc7c9d518071a3dbbd1434c1d6c542464bcc7e126"", ""Lab02/tests/data/vda317b/vda317b.nets"": ""7bccf7ab59afd1a0dbf20f5a1a757e47f3a86a9bbc598bf8b0bd91c97e953ad6""}","[""--policy"", ""progress"", ""--seed"", ""211"", ""--seconds"", ""3"", ""--trace-every"", ""5000""]",c++ (Ubuntu 11.4.0-1ubuntu1~22.04) 11.4.0,Release,
policy-evaluation,Lab02,vda317b,feasibility,211,64,3,CPU seconds,3.2015754631720483,3.0,4328.0,True,30902046,valid,1,2e493ebf4690bda19a73196ec6a7e2a5d7e5975d101da03cd467bcb2b748f3ee,"{""Lab02/tests/data/vda317b/vda317b.block"": ""ec8b3b45efc35c1368590e2dc7c9d518071a3dbbd1434c1d6c542464bcc7e126"", ""Lab02/tests/data/vda317b/vda317b.nets"": ""7bccf7ab59afd1a0dbf20f5a1a757e47f3a86a9bbc598bf8b0bd91c97e953ad6""}","[""--policy"", ""feasibility"", ""--seed"", ""211"", ""--seconds"", ""3"", ""--trace-every"", ""5000""]",c++ (Ubuntu 11.4.0-1ubuntu1~22.04) 11.4.0,Release,
policy-evaluation,Lab02,vda317b,legacy,211,65,3,CPU seconds,3.1375627238303423,3.0,4148.0,True,19592118,valid,1,2e493ebf4690bda19a73196ec6a7e2a5d7e5975d101da03cd467bcb2b748f3ee,"{""Lab02/tests/data/vda317b/vda317b.block"": ""ec8b3b45efc35c1368590e2dc7c9d518071a3dbbd1434c1d6c542464bcc7e126"", ""Lab02/tests/data/vda317b/vda317b.nets"": ""7bccf7ab59afd1a0dbf20f5a1a757e47f3a86a9bbc598bf8b0bd91c97e953ad6""}","[""--policy"", ""legacy"", ""--seed"", ""211"", ""--seconds"", ""3"", ""--trace-every"", ""5000""]",c++ (Ubuntu 11.4.0-1ubuntu1~22.04) 11.4.0,Release,
policy-evaluation,Lab02,vda317b,feasibility,307,66,3,CPU seconds,3.2956034340895712,3.0,4160.0,True,30005425,valid,1,2e493ebf4690bda19a73196ec6a7e2a5d7e5975d101da03cd467bcb2b748f3ee,"{""Lab02/tests/data/vda317b/vda317b.block"": ""ec8b3b45efc35c1368590e2dc7c9d518071a3dbbd1434c1d6c542464bcc7e126"", ""Lab02/tests/data/vda317b/vda317b.nets"": ""7bccf7ab59afd1a0dbf20f5a1a757e47f3a86a9bbc598bf8b0bd91c97e953ad6""}","[""--policy"", ""feasibility"", ""--seed"", ""307"", ""--seconds"", ""3"", ""--trace-every"", ""5000""]",c++ (Ubuntu 11.4.0-1ubuntu1~22.04) 11.4.0,Release,
policy-evaluation,Lab02,vda317b,legacy,307,67,3,CPU seconds,3.225572927854955,3.0,4152.0,True,20354620,valid,1,2e493ebf4690bda19a73196ec6a7e2a5d7e5975d101da03cd467bcb2b748f3ee,"{""Lab02/tests/data/vda317b/vda317b.block"": ""ec8b3b45efc35c1368590e2dc7c9d518071a3dbbd1434c1d6c542464bcc7e126"", ""Lab02/tests/data/vda317b/vda317b.nets"": ""7bccf7ab59afd1a0dbf20f5a1a757e47f3a86a9bbc598bf8b0bd91c97e953ad6""}","[""--policy"", ""legacy"", ""--seed"", ""307"", ""--seconds"", ""3"", ""--trace-every"", ""5000""]",c++ (Ubuntu 11.4.0-1ubuntu1~22.04) 11.4.0,Release,
policy-evaluation,Lab02,vda317b,progress,307,68,3,CPU seconds,3.2924121748656034,2.99,4172.0,True,31067530,valid,1,2e493ebf4690bda19a73196ec6a7e2a5d7e5975d101da03cd467bcb2b748f3ee,"{""Lab02/tests/data/vda317b/vda317b.block"": ""ec8b3b45efc35c1368590e2dc7c9d518071a3dbbd1434c1d6c542464bcc7e126"", ""Lab02/tests/data/vda317b/vda317b.nets"": ""7bccf7ab59afd1a0dbf20f5a1a757e47f3a86a9bbc598bf8b0bd91c97e953ad6""}","[""--policy"", ""progress"", ""--seed"", ""307"", ""--seconds"", ""3"", ""--trace-every"", ""5000""]",c++ (Ubuntu 11.4.0-1ubuntu1~22.04) 11.4.0,Release,
policy-evaluation,Lab02,vda317b,legacy,409,69,3,CPU seconds,3.30017957277596,3.0,4304.0,True,19267425,valid,1,2e493ebf4690bda19a73196ec6a7e2a5d7e5975d101da03cd467bcb2b748f3ee,"{""Lab02/tests/data/vda317b/vda317b.block"": ""ec8b3b45efc35c1368590e2dc7c9d518071a3dbbd1434c1d6c542464bcc7e126"", ""Lab02/tests/data/vda317b/vda317b.nets"": ""7bccf7ab59afd1a0dbf20f5a1a757e47f3a86a9bbc598bf8b0bd91c97e953ad6""}","[""--policy"", ""legacy"", ""--seed"", ""409"", ""--seconds"", ""3"", ""--trace-every"", ""5000""]",c++ (Ubuntu 11.4.0-1ubuntu1~22.04) 11.4.0,Release,
policy-evaluation,Lab02,vda317b,progress,409,70,3,CPU seconds,3.1916391761042178,2.99,4256.0,True,29446206,valid,1,2e493ebf4690bda19a73196ec6a7e2a5d7e5975d101da03cd467bcb2b748f3ee,"{""Lab02/tests/data/vda317b/vda317b.block"": ""ec8b3b45efc35c1368590e2dc7c9d518071a3dbbd1434c1d6c542464bcc7e126"", ""Lab02/tests/data/vda317b/vda317b.nets"": ""7bccf7ab59afd1a0dbf20f5a1a757e47f3a86a9bbc598bf8b0bd91c97e953ad6""}","[""--policy"", ""progress"", ""--seed"", ""409"", ""--seconds"", ""3"", ""--trace-every"", ""5000""]",c++ (Ubuntu 11.4.0-1ubuntu1~22.04) 11.4.0,Release,
policy-evaluation,Lab02,vda317b,feasibility,409,71,3,CPU seconds,3.311525789089501,2.9899999999999998,4164.0,True,31011445,valid,1,2e493ebf4690bda19a73196ec6a7e2a5d7e5975d101da03cd467bcb2b748f3ee,"{""Lab02/tests/data/vda317b/vda317b.block"": ""ec8b3b45efc35c1368590e2dc7c9d518071a3dbbd1434c1d6c542464bcc7e126"", ""Lab02/tests/data/vda317b/vda317b.nets"": ""7bccf7ab59afd1a0dbf20f5a1a757e47f3a86a9bbc598bf8b0bd91c97e953ad6""}","[""--policy"", ""feasibility"", ""--seed"", ""409"", ""--seconds"", ""3"", ""--trace-every"", ""5000""]",c++ (Ubuntu 11.4.0-1ubuntu1~22.04) 11.4.0,Release,
policy-evaluation,Lab02,generated-35-503,legacy,101,72,1,CPU seconds,1.3442907929420471,1.0,4248.0,False,,budget-exhausted,1,2e493ebf4690bda19a73196ec6a7e2a5d7e5975d101da03cd467bcb2b748f3ee,"{""benchmarks/work/policy-study-8vl84lal/inputs/generated-35-503.block"": ""9d4616abec048e10e008156ddb42a2c033710e03c0df6fec5259b71c73566e63"", ""benchmarks/work/policy-study-8vl84lal/inputs/generated-35-503.nets"": ""36fa4590981e88f4151d700a307e95dc4d9cdec0900e066a28df8192f49eee97""}","[""--policy"", ""legacy"", ""--seed"", ""101"", ""--seconds"", ""1"", ""--trace-every"", ""5000""]",c++ (Ubuntu 11.4.0-1ubuntu1~22.04) 11.4.0,Release,Lab2: No legal floorplan found within budget
policy-evaluation,Lab02,generated-35-503,progress,101,73,1,CPU seconds,1.4643320748582482,0.99,4296.0,True,9329,valid,1,2e493ebf4690bda19a73196ec6a7e2a5d7e5975d101da03cd467bcb2b748f3ee,"{""benchmarks/work/policy-study-8vl84lal/inputs/generated-35-503.block"": ""9d4616abec048e10e008156ddb42a2c033710e03c0df6fec5259b71c73566e63"", ""benchmarks/work/policy-study-8vl84lal/inputs/generated-35-503.nets"": ""36fa4590981e88f4151d700a307e95dc4d9cdec0900e066a28df8192f49eee97""}","[""--policy"", ""progress"", ""--seed"", ""101"", ""--seconds"", ""1"", ""--trace-every"", ""5000""]",c++ (Ubuntu 11.4.0-1ubuntu1~22.04) 11.4.0,Release,
policy-evaluation,Lab02,generated-35-503,feasibility,101,74,1,CPU seconds,1.5723428800702095,0.99,4252.0,True,9113,valid,1,2e493ebf4690bda19a73196ec6a7e2a5d7e5975d101da03cd467bcb2b748f3ee,"{""benchmarks/work/policy-study-8vl84lal/inputs/generated-35-503.block"": ""9d4616abec048e10e008156ddb42a2c033710e03c0df6fec5259b71c73566e63"", ""benchmarks/work/policy-study-8vl84lal/inputs/generated-35-503.nets"": ""36fa4590981e88f4151d700a307e95dc4d9cdec0900e066a28df8192f49eee97""}","[""--policy"", ""feasibility"", ""--seed"", ""101"", ""--seconds"", ""1"", ""--trace-every"", ""5000""]",c++ (Ubuntu 11.4.0-1ubuntu1~22.04) 11.4.0,Release,
policy-evaluation,Lab02,generated-35-503,progress,211,75,1,CPU seconds,1.5483705610968173,1.0,4316.0,True,9246,valid,1,2e493ebf4690bda19a73196ec6a7e2a5d7e5975d101da03cd467bcb2b748f3ee,"{""benchmarks/work/policy-study-8vl84lal/inputs/generated-35-503.block"": ""9d4616abec048e10e008156ddb42a2c033710e03c0df6fec5259b71c73566e63"", ""benchmarks/work/policy-study-8vl84lal/inputs/generated-35-503.nets"": ""36fa4590981e88f4151d700a307e95dc4d9cdec0900e066a28df8192f49eee97""}","[""--policy"", ""progress"", ""--seed"", ""211"", ""--seconds"", ""1"", ""--trace-every"", ""5000""]",c++ (Ubuntu 11.4.0-1ubuntu1~22.04) 11.4.0,Release,
policy-evaluation,Lab02,generated-35-503,feasibility,211,76,1,CPU seconds,1.590082350652665,0.99,4088.0,True,9179,valid,1,2e493ebf4690bda19a73196ec6a7e2a5d7e5975d101da03cd467bcb2b748f3ee,"{""benchmarks/work/policy-study-8vl84lal/inputs/generated-35-503.block"": ""9d4616abec048e10e008156ddb42a2c033710e03c0df6fec5259b71c73566e63"", ""benchmarks/work/policy-study-8vl84lal/inputs/generated-35-503.nets"": ""36fa4590981e88f4151d700a307e95dc4d9cdec0900e066a28df8192f49eee97""}","[""--policy"", ""feasibility"", ""--seed"", ""211"", ""--seconds"", ""1"", ""--trace-every"", ""5000""]",c++ (Ubuntu 11.4.0-1ubuntu1~22.04) 11.4.0,Release,
policy-evaluation,Lab02,generated-35-503,legacy,211,77,1,CPU seconds,1.470963018015027,0.99,4208.0,False,,budget-exhausted,1,2e493ebf4690bda19a73196ec6a7e2a5d7e5975d101da03cd467bcb2b748f3ee,"{""benchmarks/work/policy-study-8vl84lal/inputs/generated-35-503.block"": ""9d4616abec048e10e008156ddb42a2c033710e03c0df6fec5259b71c73566e63"", ""benchmarks/work/policy-study-8vl84lal/inputs/generated-35-503.nets"": ""36fa4590981e88f4151d700a307e95dc4d9cdec0900e066a28df8192f49eee97""}","[""--policy"", ""legacy"", ""--seed"", ""211"", ""--seconds"", ""1"", ""--trace-every"", ""5000""]",c++ (Ubuntu 11.4.0-1ubuntu1~22.04) 11.4.0,Release,Lab2: No legal floorplan found within budget
policy-evaluation,Lab02,generated-35-503,feasibility,307,78,1,CPU seconds,1.6063224500976503,0.99,4244.0,True,9246,valid,1,2e493ebf4690bda19a73196ec6a7e2a5d7e5975d101da03cd467bcb2b748f3ee,"{""benchmarks/work/policy-study-8vl84lal/inputs/generated-35-503.block"": ""9d4616abec048e10e008156ddb42a2c033710e03c0df6fec5259b71c73566e63"", ""benchmarks/work/policy-study-8vl84lal/inputs/generated-35-503.nets"": ""36fa4590981e88f4151d700a307e95dc4d9cdec0900e066a28df8192f49eee97""}","[""--policy"", ""feasibility"", ""--seed"", ""307"", ""--seconds"", ""1"", ""--trace-every"", ""5000""]",c++ (Ubuntu 11.4.0-1ubuntu1~22.04) 11.4.0,Release,
policy-evaluation,Lab02,generated-35-503,legacy,307,79,1,CPU seconds,1.4998204908333719,0.99,4104.0,False,,budget-exhausted,1,2e493ebf4690bda19a73196ec6a7e2a5d7e5975d101da03cd467bcb2b748f3ee,"{""benchmarks/work/policy-study-8vl84lal/inputs/generated-35-503.block"": ""9d4616abec048e10e008156ddb42a2c033710e03c0df6fec5259b71c73566e63"", ""benchmarks/work/policy-study-8vl84lal/inputs/generated-35-503.nets"": ""36fa4590981e88f4151d700a307e95dc4d9cdec0900e066a28df8192f49eee97""}","[""--policy"", ""legacy"", ""--seed"", ""307"", ""--seconds"", ""1"", ""--trace-every"", ""5000""]",c++ (Ubuntu 11.4.0-1ubuntu1~22.04) 11.4.0,Release,Lab2: No legal floorplan found within budget
policy-evaluation,Lab02,generated-35-503,progress,307,80,1,CPU seconds,1.6564661809243262,1.0,4192.0,True,9042,valid,1,2e493ebf4690bda19a73196ec6a7e2a5d7e5975d101da03cd467bcb2b748f3ee,"{""benchmarks/work/policy-study-8vl84lal/inputs/generated-35-503.block"": ""9d4616abec048e10e008156ddb42a2c033710e03c0df6fec5259b71c73566e63"", ""benchmarks/work/policy-study-8vl84lal/inputs/generated-35-503.nets"": ""36fa4590981e88f4151d700a307e95dc4d9cdec0900e066a28df8192f49eee97""}","[""--policy"", ""progress"", ""--seed"", ""307"", ""--seconds"", ""1"", ""--trace-every"", ""5000""]",c++ (Ubuntu 11.4.0-1ubuntu1~22.04) 11.4.0,Release,
policy-evaluation,Lab02,generated-35-503,legacy,409,81,1,CPU seconds,1.4811935140751302,1.0,4068.0,False,,budget-exhausted,1,2e493ebf4690bda19a73196ec6a7e2a5d7e5975d101da03cd467bcb2b748f3ee,"{""benchmarks/work/policy-study-8vl84lal/inputs/generated-35-503.block"": ""9d4616abec048e10e008156ddb42a2c033710e03c0df6fec5259b71c73566e63"", ""benchmarks/work/policy-study-8vl84lal/inputs/generated-35-503.nets"": ""36fa4590981e88f4151d700a307e95dc4d9cdec0900e066a28df8192f49eee97""}","[""--policy"", ""legacy"", ""--seed"", ""409"", ""--seconds"", ""1"", ""--trace-every"", ""5000""]",c++ (Ubuntu 11.4.0-1ubuntu1~22.04) 11.4.0,Release,Lab2: No legal floorplan found within budget
policy-evaluation,Lab02,generated-35-503,progress,409,82,1,CPU seconds,1.54883798584342,1.0,4248.0,True,9175,valid,1,2e493ebf4690bda19a73196ec6a7e2a5d7e5975d101da03cd467bcb2b748f3ee,"{""benchmarks/work/policy-study-8vl84lal/inputs/generated-35-503.block"": ""9d4616abec048e10e008156ddb42a2c033710e03c0df6fec5259b71c73566e63"", ""benchmarks/work/policy-study-8vl84lal/inputs/generated-35-503.nets"": ""36fa4590981e88f4151d700a307e95dc4d9cdec0900e066a28df8192f49eee97""}","[""--policy"", ""progress"", ""--seed"", ""409"", ""--seconds"", ""1"", ""--trace-every"", ""5000""]",c++ (Ubuntu 11.4.0-1ubuntu1~22.04) 11.4.0,Release,
policy-evaluation,Lab02,generated-35-503,feasibility,409,83,1,CPU seconds,1.5935174459591508,0.99,4240.0,True,9210,valid,1,2e493ebf4690bda19a73196ec6a7e2a5d7e5975d101da03cd467bcb2b748f3ee,"{""benchmarks/work/policy-study-8vl84lal/inputs/generated-35-503.block"": ""9d4616abec048e10e008156ddb42a2c033710e03c0df6fec5259b71c73566e63"", ""benchmarks/work/policy-study-8vl84lal/inputs/generated-35-503.nets"": ""36fa4590981e88f4151d700a307e95dc4d9cdec0900e066a28df8192f49eee97""}","[""--policy"", ""feasibility"", ""--seed"", ""409"", ""--seconds"", ""1"", ""--trace-every"", ""5000""]",c++ (Ubuntu 11.4.0-1ubuntu1~22.04) 11.4.0,Release,
policy-evaluation,Lab02,generated-35-503,legacy,101,84,3,CPU seconds,3.6046130950562656,3.0,4328.0,True,9176,valid,1,2e493ebf4690bda19a73196ec6a7e2a5d7e5975d101da03cd467bcb2b748f3ee,"{""benchmarks/work/policy-study-8vl84lal/inputs/generated-35-503.block"": ""9d4616abec048e10e008156ddb42a2c033710e03c0df6fec5259b71c73566e63"", ""benchmarks/work/policy-study-8vl84lal/inputs/generated-35-503.nets"": ""36fa4590981e88f4151d700a307e95dc4d9cdec0900e066a28df8192f49eee97""}","[""--policy"", ""legacy"", ""--seed"", ""101"", ""--seconds"", ""3"", ""--trace-every"", ""5000""]",c++ (Ubuntu 11.4.0-1ubuntu1~22.04) 11.4.0,Release,
policy-evaluation,Lab02,generated-35-503,progress,101,85,3,CPU seconds,3.702311567030847,3.0,4300.0,True,9118,valid,1,2e493ebf4690bda19a73196ec6a7e2a5d7e5975d101da03cd467bcb2b748f3ee,"{""benchmarks/work/policy-study-8vl84lal/inputs/generated-35-503.block"": ""9d4616abec048e10e008156ddb42a2c033710e03c0df6fec5259b71c73566e63"", ""benchmarks/work/policy-study-8vl84lal/inputs/generated-35-503.nets"": ""36fa4590981e88f4151d700a307e95dc4d9cdec0900e066a28df8192f49eee97""}","[""--policy"", ""progress"", ""--seed"", ""101"", ""--seconds"", ""3"", ""--trace-every"", ""5000""]",c++ (Ubuntu 11.4.0-1ubuntu1~22.04) 11.4.0,Release,
policy-evaluation,Lab02,generated-35-503,feasibility,101,86,3,CPU seconds,3.6772817177698016,2.9899999999999998,4304.0,True,9073,valid,1,2e493ebf4690bda19a73196ec6a7e2a5d7e5975d101da03cd467bcb2b748f3ee,"{""benchmarks/work/policy-study-8vl84lal/inputs/generated-35-503.block"": ""9d4616abec048e10e008156ddb42a2c033710e03c0df6fec5259b71c73566e63"", ""benchmarks/work/policy-study-8vl84lal/inputs/generated-35-503.nets"": ""36fa4590981e88f4151d700a307e95dc4d9cdec0900e066a28df8192f49eee97""}","[""--policy"", ""feasibility"", ""--seed"", ""101"", ""--seconds"", ""3"", ""--trace-every"", ""5000""]",c++ (Ubuntu 11.4.0-1ubuntu1~22.04) 11.4.0,Release,
policy-evaluation,Lab02,generated-35-503,progress,211,87,3,CPU seconds,3.6758057856932282,2.9899999999999998,4260.0,True,9142,valid,1,2e493ebf4690bda19a73196ec6a7e2a5d7e5975d101da03cd467bcb2b748f3ee,"{""benchmarks/work/policy-study-8vl84lal/inputs/generated-35-503.block"": ""9d4616abec048e10e008156ddb42a2c033710e03c0df6fec5259b71c73566e63"", ""benchmarks/work/policy-study-8vl84lal/inputs/generated-35-503.nets"": ""36fa4590981e88f4151d700a307e95dc4d9cdec0900e066a28df8192f49eee97""}","[""--policy"", ""progress"", ""--seed"", ""211"", ""--seconds"", ""3"", ""--trace-every"", ""5000""]",c++ (Ubuntu 11.4.0-1ubuntu1~22.04) 11.4.0,Release,
policy-evaluation,Lab02,generated-35-503,feasibility,211,88,3,CPU seconds,3.7108733211643994,2.99,4088.0,True,9160,valid,1,2e493ebf4690bda19a73196ec6a7e2a5d7e5975d101da03cd467bcb2b748f3ee,"{""benchmarks/work/policy-study-8vl84lal/inputs/generated-35-503.block"": ""9d4616abec048e10e008156ddb42a2c033710e03c0df6fec5259b71c73566e63"", ""benchmarks/work/policy-study-8vl84lal/inputs/generated-35-503.nets"": ""36fa4590981e88f4151d700a307e95dc4d9cdec0900e066a28df8192f49eee97""}","[""--policy"", ""feasibility"", ""--seed"", ""211"", ""--seconds"", ""3"", ""--trace-every"", ""5000""]",c++ (Ubuntu 11.4.0-1ubuntu1~22.04) 11.4.0,Release,
policy-evaluation,Lab02,generated-35-503,legacy,211,89,3,CPU seconds,3.6814353461377323,3.0,4088.0,True,9362,valid,1,2e493ebf4690bda19a73196ec6a7e2a5d7e5975d101da03cd467bcb2b748f3ee,"{""benchmarks/work/policy-study-8vl84lal/inputs/generated-35-503.block"": ""9d4616abec048e10e008156ddb42a2c033710e03c0df6fec5259b71c73566e63"", ""benchmarks/work/policy-study-8vl84lal/inputs/generated-35-503.nets"": ""36fa4590981e88f4151d700a307e95dc4d9cdec0900e066a28df8192f49eee97""}","[""--policy"", ""legacy"", ""--seed"", ""211"", ""--seconds"", ""3"", ""--trace-every"", ""5000""]",c++ (Ubuntu 11.4.0-1ubuntu1~22.04) 11.4.0,Release,
policy-evaluation,Lab02,generated-35-503,feasibility,307,90,3,CPU seconds,3.7050896491855383,3.0,4100.0,True,9162,valid,1,2e493ebf4690bda19a73196ec6a7e2a5d7e5975d101da03cd467bcb2b748f3ee,"{""benchmarks/work/policy-study-8vl84lal/inputs/generated-35-503.block"": ""9d4616abec048e10e008156ddb42a2c033710e03c0df6fec5259b71c73566e63"", ""benchmarks/work/policy-study-8vl84lal/inputs/generated-35-503.nets"": ""36fa4590981e88f4151d700a307e95dc4d9cdec0900e066a28df8192f49eee97""}","[""--policy"", ""feasibility"", ""--seed"", ""307"", ""--seconds"", ""3"", ""--trace-every"", ""5000""]",c++ (Ubuntu 11.4.0-1ubuntu1~22.04) 11.4.0,Release,
policy-evaluation,Lab02,generated-35-503,legacy,307,91,3,CPU seconds,3.6449604323133826,3.0,4192.0,True,9491,valid,1,2e493ebf4690bda19a73196ec6a7e2a5d7e5975d101da03cd467bcb2b748f3ee,"{""benchmarks/work/policy-study-8vl84lal/inputs/generated-35-503.block"": ""9d4616abec048e10e008156ddb42a2c033710e03c0df6fec5259b71c73566e63"", ""benchmarks/work/policy-study-8vl84lal/inputs/generated-35-503.nets"": ""36fa4590981e88f4151d700a307e95dc4d9cdec0900e066a28df8192f49eee97""}","[""--policy"", ""legacy"", ""--seed"", ""307"", ""--seconds"", ""3"", ""--trace-every"", ""5000""]",c++ (Ubuntu 11.4.0-1ubuntu1~22.04) 11.4.0,Release,
policy-evaluation,Lab02,generated-35-503,progress,307,92,3,CPU seconds,3.7610769970342517,3.0,4052.0,True,8972,valid,1,2e493ebf4690bda19a73196ec6a7e2a5d7e5975d101da03cd467bcb2b748f3ee,"{""benchmarks/work/policy-study-8vl84lal/inputs/generated-35-503.block"": ""9d4616abec048e10e008156ddb42a2c033710e03c0df6fec5259b71c73566e63"", ""benchmarks/work/policy-study-8vl84lal/inputs/generated-35-503.nets"": ""36fa4590981e88f4151d700a307e95dc4d9cdec0900e066a28df8192f49eee97""}","[""--policy"", ""progress"", ""--seed"", ""307"", ""--seconds"", ""3"", ""--trace-every"", ""5000""]",c++ (Ubuntu 11.4.0-1ubuntu1~22.04) 11.4.0,Release,
policy-evaluation,Lab02,generated-35-503,legacy,409,93,3,CPU seconds,3.6662243809551,2.9899999999999998,4096.0,True,9424,valid,1,2e493ebf4690bda19a73196ec6a7e2a5d7e5975d101da03cd467bcb2b748f3ee,"{""benchmarks/work/policy-study-8vl84lal/inputs/generated-35-503.block"": ""9d4616abec048e10e008156ddb42a2c033710e03c0df6fec5259b71c73566e63"", ""benchmarks/work/policy-study-8vl84lal/inputs/generated-35-503.nets"": ""36fa4590981e88f4151d700a307e95dc4d9cdec0900e066a28df8192f49eee97""}","[""--policy"", ""legacy"", ""--seed"", ""409"", ""--seconds"", ""3"", ""--trace-every"", ""5000""]",c++ (Ubuntu 11.4.0-1ubuntu1~22.04) 11.4.0,Release,
policy-evaluation,Lab02,generated-35-503,progress,409,94,3,CPU seconds,3.7177806366235018,2.99,4292.0,True,8975,valid,1,2e493ebf4690bda19a73196ec6a7e2a5d7e5975d101da03cd467bcb2b748f3ee,"{""benchmarks/work/policy-study-8vl84lal/inputs/generated-35-503.block"": ""9d4616abec048e10e008156ddb42a2c033710e03c0df6fec5259b71c73566e63"", ""benchmarks/work/policy-study-8vl84lal/inputs/generated-35-503.nets"": ""36fa4590981e88f4151d700a307e95dc4d9cdec0900e066a28df8192f49eee97""}","[""--policy"", ""progress"", ""--seed"", ""409"", ""--seconds"", ""3"", ""--trace-every"", ""5000""]",c++ (Ubuntu 11.4.0-1ubuntu1~22.04) 11.4.0,Release,
policy-evaluation,Lab02,generated-35-503,feasibility,409,95,3,CPU seconds,3.6483133267611265,2.99,4196.0,True,9119,valid,1,2e493ebf4690bda19a73196ec6a7e2a5d7e5975d101da03cd467bcb2b748f3ee,"{""benchmarks/work/policy-study-8vl84lal/inputs/generated-35-503.block"": ""9d4616abec048e10e008156ddb42a2c033710e03c0df6fec5259b71c73566e63"", ""benchmarks/work/policy-study-8vl84lal/inputs/generated-35-503.nets"": ""36fa4590981e88f4151d700a307e95dc4d9cdec0900e066a28df8192f49eee97""}","[""--policy"", ""feasibility"", ""--seed"", ""409"", ""--seconds"", ""3"", ""--trace-every"", ""5000""]",c++ (Ubuntu 11.4.0-1ubuntu1~22.04) 11.4.0,Release,
policy-evaluation,Lab02,generated-90-509,legacy,101,96,1,CPU seconds,1.5725644580088556,0.99,4300.0,False,,budget-exhausted,1,2e493ebf4690bda19a73196ec6a7e2a5d7e5975d101da03cd467bcb2b748f3ee,"{""benchmarks/work/policy-study-8vl84lal/inputs/generated-90-509.block"": ""710ac03885421d22cc735de55d2827b43bf926fe2d058b440d31996b96591750"", ""benchmarks/work/policy-study-8vl84lal/inputs/generated-90-509.nets"": ""50b0023f27d749930d38d3c286d8a7cb0d42f0350369b590cde8c77693d4c6ac""}","[""--policy"", ""legacy"", ""--seed"", ""101"", ""--seconds"", ""1"", ""--trace-every"", ""5000""]",c++ (Ubuntu 11.4.0-1ubuntu1~22.04) 11.4.0,Release,Lab2: No legal floorplan found within budget
policy-evaluation,Lab02,generated-90-509,progress,101,97,1,CPU seconds,1.6411672360263765,0.99,4124.0,True,19804,valid,1,2e493ebf4690bda19a73196ec6a7e2a5d7e5975d101da03cd467bcb2b748f3ee,"{""benchmarks/work/policy-study-8vl84lal/inputs/generated-90-509.block"": ""710ac03885421d22cc735de55d2827b43bf926fe2d058b440d31996b96591750"", ""benchmarks/work/policy-study-8vl84lal/inputs/generated-90-509.nets"": ""50b0023f27d749930d38d3c286d8a7cb0d42f0350369b590cde8c77693d4c6ac""}","[""--policy"", ""progress"", ""--seed"", ""101"", ""--seconds"", ""1"", ""--trace-every"", ""5000""]",c++ (Ubuntu 11.4.0-1ubuntu1~22.04) 11.4.0,Release,
policy-evaluation,Lab02,generated-90-509,feasibility,101,98,1,CPU seconds,1.6890447926707566,0.99,4336.0,True,20220,valid,1,2e493ebf4690bda19a73196ec6a7e2a5d7e5975d101da03cd467bcb2b748f3ee,"{""benchmarks/work/policy-study-8vl84lal/inputs/generated-90-509.block"": ""710ac03885421d22cc735de55d2827b43bf926fe2d058b440d31996b96591750"", ""benchmarks/work/policy-study-8vl84lal/inputs/generated-90-509.nets"": ""50b0023f27d749930d38d3c286d8a7cb0d42f0350369b590cde8c77693d4c6ac""}","[""--policy"", ""feasibility"", ""--seed"", ""101"", ""--seconds"", ""1"", ""--trace-every"", ""5000""]",c++ (Ubuntu 11.4.0-1ubuntu1~22.04) 11.4.0,Release,
policy-evaluation,Lab02,generated-90-509,progress,211,99,1,CPU seconds,1.6247779740951955,0.99,4396.0,True,19916,valid,1,2e493ebf4690bda19a73196ec6a7e2a5d7e5975d101da03cd467bcb2b748f3ee,"{""benchmarks/work/policy-study-8vl84lal/inputs/generated-90-509.block"": ""710ac03885421d22cc735de55d2827b43bf926fe2d058b440d31996b96591750"", ""benchmarks/work/policy-study-8vl84lal/inputs/generated-90-509.nets"": ""50b0023f27d749930d38d3c286d8a7cb0d42f0350369b590cde8c77693d4c6ac""}","[""--policy"", ""progress"", ""--seed"", ""211"", ""--seconds"", ""1"", ""--trace-every"", ""5000""]",c++ (Ubuntu 11.4.0-1ubuntu1~22.04) 11.4.0,Release,
policy-evaluation,Lab02,generated-90-509,feasibility,211,100,1,CPU seconds,1.59963669301942,0.99,4180.0,True,20352,valid,1,2e493ebf4690bda19a73196ec6a7e2a5d7e5975d101da03cd467bcb2b748f3ee,"{""benchmarks/work/policy-study-8vl84lal/inputs/generated-90-509.block"": ""710ac03885421d22cc735de55d2827b43bf926fe2d058b440d31996b96591750"", ""benchmarks/work/policy-study-8vl84lal/inputs/generated-90-509.nets"": ""50b0023f27d749930d38d3c286d8a7cb0d42f0350369b590cde8c77693d4c6ac""}","[""--policy"", ""feasibility"", ""--seed"", ""211"", ""--seconds"", ""1"", ""--trace-every"", ""5000""]",c++ (Ubuntu 11.4.0-1ubuntu1~22.04) 11.4.0,Release,
policy-evaluation,Lab02,generated-90-509,legacy,211,101,1,CPU seconds,1.5221458389423788,0.99,4380.0,False,,budget-exhausted,1,2e493ebf4690bda19a73196ec6a7e2a5d7e5975d101da03cd467bcb2b748f3ee,"{""benchmarks/work/policy-study-8vl84lal/inputs/generated-90-509.block"": ""710ac03885421d22cc735de55d2827b43bf926fe2d058b440d31996b96591750"", ""benchmarks/work/policy-study-8vl84lal/inputs/generated-90-509.nets"": ""50b0023f27d749930d38d3c286d8a7cb0d42f0350369b590cde8c77693d4c6ac""}","[""--policy"", ""legacy"", ""--seed"", ""211"", ""--seconds"", ""1"", ""--trace-every"", ""5000""]",c++ (Ubuntu 11.4.0-1ubuntu1~22.04) 11.4.0,Release,Lab2: No legal floorplan found within budget
policy-evaluation,Lab02,generated-90-509,feasibility,307,102,1,CPU seconds,1.6519748619757593,1.0,4120.0,True,20410,valid,1,2e493ebf4690bda19a73196ec6a7e2a5d7e5975d101da03cd467bcb2b748f3ee,"{""benchmarks/work/policy-study-8vl84lal/inputs/generated-90-509.block"": ""710ac03885421d22cc735de55d2827b43bf926fe2d058b440d31996b96591750"", ""benchmarks/work/policy-study-8vl84lal/inputs/generated-90-509.nets"": ""50b0023f27d749930d38d3c286d8a7cb0d42f0350369b590cde8c77693d4c6ac""}","[""--policy"", ""feasibility"", ""--seed"", ""307"", ""--seconds"", ""1"", ""--trace-every"", ""5000""]",c++ (Ubuntu 11.4.0-1ubuntu1~22.04) 11.4.0,Release,
policy-evaluation,Lab02,generated-90-509,legacy,307,103,1,CPU seconds,1.525859598070383,0.99,4312.0,False,,budget-exhausted,1,2e493ebf4690bda19a73196ec6a7e2a5d7e5975d101da03cd467bcb2b748f3ee,"{""benchmarks/work/policy-study-8vl84lal/inputs/generated-90-509.block"": ""710ac03885421d22cc735de55d2827b43bf926fe2d058b440d31996b96591750"", ""benchmarks/work/policy-study-8vl84lal/inputs/generated-90-509.nets"": ""50b0023f27d749930d38d3c286d8a7cb0d42f0350369b590cde8c77693d4c6ac""}","[""--policy"", ""legacy"", ""--seed"", ""307"", ""--seconds"", ""1"", ""--trace-every"", ""5000""]",c++ (Ubuntu 11.4.0-1ubuntu1~22.04) 11.4.0,Release,Lab2: No legal floorplan found within budget
policy-evaluation,Lab02,generated-90-509,progress,307,104,1,CPU seconds,1.6802866561338305,0.99,4380.0,True,19777,valid,1,2e493ebf4690bda19a73196ec6a7e2a5d7e5975d101da03cd467bcb2b748f3ee,"{""benchmarks/work/policy-study-8vl84lal/inputs/generated-90-509.block"": ""710ac03885421d22cc735de55d2827b43bf926fe2d058b440d31996b96591750"", ""benchmarks/work/policy-study-8vl84lal/inputs/generated-90-509.nets"": ""50b0023f27d749930d38d3c286d8a7cb0d42f0350369b590cde8c77693d4c6ac""}","[""--policy"", ""progress"", ""--seed"", ""307"", ""--seconds"", ""1"", ""--trace-every"", ""5000""]",c++ (Ubuntu 11.4.0-1ubuntu1~22.04) 11.4.0,Release,
policy-evaluation,Lab02,generated-90-509,legacy,409,105,1,CPU seconds,1.5747833657078445,0.99,4320.0,False,,budget-exhausted,1,2e493ebf4690bda19a73196ec6a7e2a5d7e5975d101da03cd467bcb2b748f3ee,"{""benchmarks/work/policy-study-8vl84lal/inputs/generated-90-509.block"": ""710ac03885421d22cc735de55d2827b43bf926fe2d058b440d31996b96591750"", ""benchmarks/work/policy-study-8vl84lal/inputs/generated-90-509.nets"": ""50b0023f27d749930d38d3c286d8a7cb0d42f0350369b590cde8c77693d4c6ac""}","[""--policy"", ""legacy"", ""--seed"", ""409"", ""--seconds"", ""1"", ""--trace-every"", ""5000""]",c++ (Ubuntu 11.4.0-1ubuntu1~22.04) 11.4.0,Release,Lab2: No legal floorplan found within budget
policy-evaluation,Lab02,generated-90-509,progress,409,106,1,CPU seconds,1.7025973577983677,0.99,4360.0,True,20075,valid,1,2e493ebf4690bda19a73196ec6a7e2a5d7e5975d101da03cd467bcb2b748f3ee,"{""benchmarks/work/policy-study-8vl84lal/inputs/generated-90-509.block"": ""710ac03885421d22cc735de55d2827b43bf926fe2d058b440d31996b96591750"", ""benchmarks/work/policy-study-8vl84lal/inputs/generated-90-509.nets"": ""50b0023f27d749930d38d3c286d8a7cb0d42f0350369b590cde8c77693d4c6ac""}","[""--policy"", ""progress"", ""--seed"", ""409"", ""--seconds"", ""1"", ""--trace-every"", ""5000""]",c++ (Ubuntu 11.4.0-1ubuntu1~22.04) 11.4.0,Release,
policy-evaluation,Lab02,generated-90-509,feasibility,409,107,1,CPU seconds,1.634679769165814,1.0,4168.0,True,20336,valid,1,2e493ebf4690bda19a73196ec6a7e2a5d7e5975d101da03cd467bcb2b748f3ee,"{""benchmarks/work/policy-study-8vl84lal/inputs/generated-90-509.block"": ""710ac03885421d22cc735de55d2827b43bf926fe2d058b440d31996b96591750"", ""benchmarks/work/policy-study-8vl84lal/inputs/generated-90-509.nets"": ""50b0023f27d749930d38d3c286d8a7cb0d42f0350369b590cde8c77693d4c6ac""}","[""--policy"", ""feasibility"", ""--seed"", ""409"", ""--seconds"", ""1"", ""--trace-every"", ""5000""]",c++ (Ubuntu 11.4.0-1ubuntu1~22.04) 11.4.0,Release,
policy-evaluation,Lab02,generated-90-509,legacy,101,108,3,CPU seconds,3.6019783038645983,3.0,4252.0,False,,budget-exhausted,1,2e493ebf4690bda19a73196ec6a7e2a5d7e5975d101da03cd467bcb2b748f3ee,"{""benchmarks/work/policy-study-8vl84lal/inputs/generated-90-509.block"": ""710ac03885421d22cc735de55d2827b43bf926fe2d058b440d31996b96591750"", ""benchmarks/work/policy-study-8vl84lal/inputs/generated-90-509.nets"": ""50b0023f27d749930d38d3c286d8a7cb0d42f0350369b590cde8c77693d4c6ac""}","[""--policy"", ""legacy"", ""--seed"", ""101"", ""--seconds"", ""3"", ""--trace-every"", ""5000""]",c++ (Ubuntu 11.4.0-1ubuntu1~22.04) 11.4.0,Release,Lab2: No legal floorplan found within budget
policy-evaluation,Lab02,generated-90-509,progress,101,109,3,CPU seconds,3.754040115978569,2.9899999999999998,4400.0,True,17351,valid,1,2e493ebf4690bda19a73196ec6a7e2a5d7e5975d101da03cd467bcb2b748f3ee,"{""benchmarks/work/policy-study-8vl84lal/inputs/generated-90-509.block"": ""710ac03885421d22cc735de55d2827b43bf926fe2d058b440d31996b96591750"", ""benchmarks/work/policy-study-8vl84lal/inputs/generated-90-509.nets"": ""50b0023f27d749930d38d3c286d8a7cb0d42f0350369b590cde8c77693d4c6ac""}","[""--policy"", ""progress"", ""--seed"", ""101"", ""--seconds"", ""3"", ""--trace-every"", ""5000""]",c++ (Ubuntu 11.4.0-1ubuntu1~22.04) 11.4.0,Release,
policy-evaluation,Lab02,generated-90-509,feasibility,101,110,3,CPU seconds,3.8087348341941833,2.99,4464.0,True,17256,valid,1,2e493ebf4690bda19a73196ec6a7e2a5d7e5975d101da03cd467bcb2b748f3ee,"{""benchmarks/work/policy-study-8vl84lal/inputs/generated-90-509.block"": ""710ac03885421d22cc735de55d2827b43bf926fe2d058b440d31996b96591750"", ""benchmarks/work/policy-study-8vl84lal/inputs/generated-90-509.nets"": ""50b0023f27d749930d38d3c286d8a7cb0d42f0350369b590cde8c77693d4c6ac""}","[""--policy"", ""feasibility"", ""--seed"", ""101"", ""--seconds"", ""3"", ""--trace-every"", ""5000""]",c++ (Ubuntu 11.4.0-1ubuntu1~22.04) 11.4.0,Release,
policy-evaluation,Lab02,generated-90-509,progress,211,111,3,CPU seconds,3.748864938970655,2.99,4184.0,True,16998,valid,1,2e493ebf4690bda19a73196ec6a7e2a5d7e5975d101da03cd467bcb2b748f3ee,"{""benchmarks/work/policy-study-8vl84lal/inputs/generated-90-509.block"": ""710ac03885421d22cc735de55d2827b43bf926fe2d058b440d31996b96591750"", ""benchmarks/work/policy-study-8vl84lal/inputs/generated-90-509.nets"": ""50b0023f27d749930d38d3c286d8a7cb0d42f0350369b590cde8c77693d4c6ac""}","[""--policy"", ""progress"", ""--seed"", ""211"", ""--seconds"", ""3"", ""--trace-every"", ""5000""]",c++ (Ubuntu 11.4.0-1ubuntu1~22.04) 11.4.0,Release,
policy-evaluation,Lab02,generated-90-509,feasibility,211,112,3,CPU seconds,3.7635886878706515,2.9899999999999998,4392.0,True,17072,valid,1,2e493ebf4690bda19a73196ec6a7e2a5d7e5975d101da03cd467bcb2b748f3ee,"{""benchmarks/work/policy-study-8vl84lal/inputs/generated-90-509.block"": ""710ac03885421d22cc735de55d2827b43bf926fe2d058b440d31996b96591750"", ""benchmarks/work/policy-study-8vl84lal/inputs/generated-90-509.nets"": ""50b0023f27d749930d38d3c286d8a7cb0d42f0350369b590cde8c77693d4c6ac""}","[""--policy"", ""feasibility"", ""--seed"", ""211"", ""--seconds"", ""3"", ""--trace-every"", ""5000""]",c++ (Ubuntu 11.4.0-1ubuntu1~22.04) 11.4.0,Release,
policy-evaluation,Lab02,generated-90-509,legacy,211,113,3,CPU seconds,3.654531308915466,3.0,4276.0,False,,budget-exhausted,1,2e493ebf4690bda19a73196ec6a7e2a5d7e5975d101da03cd467bcb2b748f3ee,"{""benchmarks/work/policy-study-8vl84lal/inputs/generated-90-509.block"": ""710ac03885421d22cc735de55d2827b43bf926fe2d058b440d31996b96591750"", ""benchmarks/work/policy-study-8vl84lal/inputs/generated-90-509.nets"": ""50b0023f27d749930d38d3c286d8a7cb0d42f0350369b590cde8c77693d4c6ac""}","[""--policy"", ""legacy"", ""--seed"", ""211"", ""--seconds"", ""3"", ""--trace-every"", ""5000""]",c++ (Ubuntu 11.4.0-1ubuntu1~22.04) 11.4.0,Release,Lab2: No legal floorplan found within budget
policy-evaluation,Lab02,generated-90-509,feasibility,307,114,3,CPU seconds,3.67175801564008,2.9899999999999998,4332.0,True,17017,valid,1,2e493ebf4690bda19a73196ec6a7e2a5d7e5975d101da03cd467bcb2b748f3ee,"{""benchmarks/work/policy-study-8vl84lal/inputs/generated-90-509.block"": ""710ac03885421d22cc735de55d2827b43bf926fe2d058b440d31996b96591750"", ""benchmarks/work/policy-study-8vl84lal/inputs/generated-90-509.nets"": ""50b0023f27d749930d38d3c286d8a7cb0d42f0350369b590cde8c77693d4c6ac""}","[""--policy"", ""feasibility"", ""--seed"", ""307"", ""--seconds"", ""3"", ""--trace-every"", ""5000""]",c++ (Ubuntu 11.4.0-1ubuntu1~22.04) 11.4.0,Release,
policy-evaluation,Lab02,generated-90-509,legacy,307,115,3,CPU seconds,3.531786723062396,3.0,4272.0,False,,budget-exhausted,1,2e493ebf4690bda19a73196ec6a7e2a5d7e5975d101da03cd467bcb2b748f3ee,"{""benchmarks/work/policy-study-8vl84lal/inputs/generated-90-509.block"": ""710ac03885421d22cc735de55d2827b43bf926fe2d058b440d31996b96591750"", ""benchmarks/work/policy-study-8vl84lal/inputs/generated-90-509.nets"": ""50b0023f27d749930d38d3c286d8a7cb0d42f0350369b590cde8c77693d4c6ac""}","[""--policy"", ""legacy"", ""--seed"", ""307"", ""--seconds"", ""3"", ""--trace-every"", ""5000""]",c++ (Ubuntu 11.4.0-1ubuntu1~22.04) 11.4.0,Release,Lab2: No legal floorplan found within budget
policy-evaluation,Lab02,generated-90-509,progress,307,116,3,CPU seconds,3.729383483994752,2.99,4172.0,True,16923,valid,1,2e493ebf4690bda19a73196ec6a7e2a5d7e5975d101da03cd467bcb2b748f3ee,"{""benchmarks/work/policy-study-8vl84lal/inputs/generated-90-509.block"": ""710ac03885421d22cc735de55d2827b43bf926fe2d058b440d31996b96591750"", ""benchmarks/work/policy-study-8vl84lal/inputs/generated-90-509.nets"": ""50b0023f27d749930d38d3c286d8a7cb0d42f0350369b590cde8c77693d4c6ac""}","[""--policy"", ""progress"", ""--seed"", ""307"", ""--seconds"", ""3"", ""--trace-every"", ""5000""]",c++ (Ubuntu 11.4.0-1ubuntu1~22.04) 11.4.0,Release,
policy-evaluation,Lab02,generated-90-509,legacy,409,117,3,CPU seconds,3.6217499361373484,2.9899999999999998,4148.0,False,,budget-exhausted,1,2e493ebf4690bda19a73196ec6a7e2a5d7e5975d101da03cd467bcb2b748f3ee,"{""benchmarks/work/policy-study-8vl84lal/inputs/generated-90-509.block"": ""710ac03885421d22cc735de55d2827b43bf926fe2d058b440d31996b96591750"", ""benchmarks/work/policy-study-8vl84lal/inputs/generated-90-509.nets"": ""50b0023f27d749930d38d3c286d8a7cb0d42f0350369b590cde8c77693d4c6ac""}","[""--policy"", ""legacy"", ""--seed"", ""409"", ""--seconds"", ""3"", ""--trace-every"", ""5000""]",c++ (Ubuntu 11.4.0-1ubuntu1~22.04) 11.4.0,Release,Lab2: No legal floorplan found within budget
policy-evaluation,Lab02,generated-90-509,progress,409,118,3,CPU seconds,3.6345584471710026,3.0,4176.0,True,16932,valid,1,2e493ebf4690bda19a73196ec6a7e2a5d7e5975d101da03cd467bcb2b748f3ee,"{""benchmarks/work/policy-study-8vl84lal/inputs/generated-90-509.block"": ""710ac03885421d22cc735de55d2827b43bf926fe2d058b440d31996b96591750"", ""benchmarks/work/policy-study-8vl84lal/inputs/generated-90-509.nets"": ""50b0023f27d749930d38d3c286d8a7cb0d42f0350369b590cde8c77693d4c6ac""}","[""--policy"", ""progress"", ""--seed"", ""409"", ""--seconds"", ""3"", ""--trace-every"", ""5000""]",c++ (Ubuntu 11.4.0-1ubuntu1~22.04) 11.4.0,Release,
policy-evaluation,Lab02,generated-90-509,feasibility,409,119,3,CPU seconds,3.603598543908447,3.0,4320.0,True,16926,valid,1,2e493ebf4690bda19a73196ec6a7e2a5d7e5975d101da03cd467bcb2b748f3ee,"{""benchmarks/work/policy-study-8vl84lal/inputs/generated-90-509.block"": ""710ac03885421d22cc735de55d2827b43bf926fe2d058b440d31996b96591750"", ""benchmarks/work/policy-study-8vl84lal/inputs/generated-90-509.nets"": ""50b0023f27d749930d38d3c286d8a7cb0d42f0350369b590cde8c77693d4c6ac""}","[""--policy"", ""feasibility"", ""--seed"", ""409"", ""--seconds"", ""3"", ""--trace-every"", ""5000""]",c++ (Ubuntu 11.4.0-1ubuntu1~22.04) 11.4.0,Release,
policy-instrumentation,Lab02,ami33,plain,1,0,300000,iterations,1.3677178006619215,1.35,4096.0,True,654829,valid,1,2e493ebf4690bda19a73196ec6a7e2a5d7e5975d101da03cd467bcb2b748f3ee,"{""Lab02/tests/data/ami33/ami33.block"": ""e53918e9761e9050b808ff6526505154125cc3264d3da9089050500a208f8ec6"", ""Lab02/tests/data/ami33/ami33.nets"": ""be2e6f7c1e8056df46f92dee909fff6873bd6855ff1a7cc14479d9659e3cd963""}","[""--policy"", ""feasibility"", ""--seed"", ""1"", ""--iterations"", ""300000""]",c++ (Ubuntu 11.4.0-1ubuntu1~22.04) 11.4.0,Release,
policy-instrumentation,Lab02,ami33,stats,1,1,300000,iterations,1.3688260330818594,1.32,4104.0,True,654829,valid,1,2e493ebf4690bda19a73196ec6a7e2a5d7e5975d101da03cd467bcb2b748f3ee,"{""Lab02/tests/data/ami33/ami33.block"": ""e53918e9761e9050b808ff6526505154125cc3264d3da9089050500a208f8ec6"", ""Lab02/tests/data/ami33/ami33.nets"": ""be2e6f7c1e8056df46f92dee909fff6873bd6855ff1a7cc14479d9659e3cd963""}","[""--policy"", ""feasibility"", ""--stats"", ""--seed"", ""1"", ""--iterations"", ""300000""]",c++ (Ubuntu 11.4.0-1ubuntu1~22.04) 11.4.0,Release,
policy-instrumentation,Lab02,ami33,trace,1,2,300000,iterations,1.3241974078118801,1.28,4240.0,True,654829,valid,1,2e493ebf4690bda19a73196ec6a7e2a5d7e5975d101da03cd467bcb2b748f3ee,"{""Lab02/tests/data/ami33/ami33.block"": ""e53918e9761e9050b808ff6526505154125cc3264d3da9089050500a208f8ec6"", ""Lab02/tests/data/ami33/ami33.nets"": ""be2e6f7c1e8056df46f92dee909fff6873bd6855ff1a7cc14479d9659e3cd963""}","[""--policy"", ""feasibility"", ""--trace-every"", ""5000"", ""--seed"", ""1"", ""--iterations"", ""300000""]",c++ (Ubuntu 11.4.0-1ubuntu1~22.04) 11.4.0,Release,
policy-instrumentation,Lab02,ami33,stats,7,3,300000,iterations,1.2978173620067537,1.28,4196.0,True,661995,valid,1,2e493ebf4690bda19a73196ec6a7e2a5d7e5975d101da03cd467bcb2b748f3ee,"{""Lab02/tests/data/ami33/ami33.block"": ""e53918e9761e9050b808ff6526505154125cc3264d3da9089050500a208f8ec6"", ""Lab02/tests/data/ami33/ami33.nets"": ""be2e6f7c1e8056df46f92dee909fff6873bd6855ff1a7cc14479d9659e3cd963""}","[""--policy"", ""feasibility"", ""--stats"", ""--seed"", ""7"", ""--iterations"", ""300000""]",c++ (Ubuntu 11.4.0-1ubuntu1~22.04) 11.4.0,Release,
policy-instrumentation,Lab02,ami33,trace,7,4,300000,iterations,1.5740974135696888,1.55,4096.0,True,661995,valid,1,2e493ebf4690bda19a73196ec6a7e2a5d7e5975d101da03cd467bcb2b748f3ee,"{""Lab02/tests/data/ami33/ami33.block"": ""e53918e9761e9050b808ff6526505154125cc3264d3da9089050500a208f8ec6"", ""Lab02/tests/data/ami33/ami33.nets"": ""be2e6f7c1e8056df46f92dee909fff6873bd6855ff1a7cc14479d9659e3cd963""}","[""--policy"", ""feasibility"", ""--trace-every"", ""5000"", ""--seed"", ""7"", ""--iterations"", ""300000""]",c++ (Ubuntu 11.4.0-1ubuntu1~22.04) 11.4.0,Release,
policy-instrumentation,Lab02,ami33,plain,7,5,300000,iterations,1.3664508205838501,1.32,4096.0,True,661995,valid,1,2e493ebf4690bda19a73196ec6a7e2a5d7e5975d101da03cd467bcb2b748f3ee,"{""Lab02/tests/data/ami33/ami33.block"": ""e53918e9761e9050b808ff6526505154125cc3264d3da9089050500a208f8ec6"", ""Lab02/tests/data/ami33/ami33.nets"": ""be2e6f7c1e8056df46f92dee909fff6873bd6855ff1a7cc14479d9659e3cd963""}","[""--policy"", ""feasibility"", ""--seed"", ""7"", ""--iterations"", ""300000""]",c++ (Ubuntu 11.4.0-1ubuntu1~22.04) 11.4.0,Release,
policy-instrumentation,Lab02,ami33,trace,19,6,300000,iterations,1.4041502079926431,1.33,4096.0,True,657337,valid,1,2e493ebf4690bda19a73196ec6a7e2a5d7e5975d101da03cd467bcb2b748f3ee,"{""Lab02/tests/data/ami33/ami33.block"": ""e53918e9761e9050b808ff6526505154125cc3264d3da9089050500a208f8ec6"", ""Lab02/tests/data/ami33/ami33.nets"": ""be2e6f7c1e8056df46f92dee909fff6873bd6855ff1a7cc14479d9659e3cd963""}","[""--policy"", ""feasibility"", ""--trace-every"", ""5000"", ""--seed"", ""19"", ""--iterations"", ""300000""]",c++ (Ubuntu 11.4.0-1ubuntu1~22.04) 11.4.0,Release,
policy-instrumentation,Lab02,ami33,plain,19,7,300000,iterations,1.4522052281536162,1.38,4268.0,True,657337,valid,1,2e493ebf4690bda19a73196ec6a7e2a5d7e5975d101da03cd467bcb2b748f3ee,"{""Lab02/tests/data/ami33/ami33.block"": ""e53918e9761e9050b808ff6526505154125cc3264d3da9089050500a208f8ec6"", ""Lab02/tests/data/ami33/ami33.nets"": ""be2e6f7c1e8056df46f92dee909fff6873bd6855ff1a7cc14479d9659e3cd963""}","[""--policy"", ""feasibility"", ""--seed"", ""19"", ""--iterations"", ""300000""]",c++ (Ubuntu 11.4.0-1ubuntu1~22.04) 11.4.0,Release,
policy-instrumentation,Lab02,ami33,stats,19,8,300000,iterations,1.4164713737554848,1.39,4188.0,True,657337,valid,1,2e493ebf4690bda19a73196ec6a7e2a5d7e5975d101da03cd467bcb2b748f3ee,"{""Lab02/tests/data/ami33/ami33.block"": ""e53918e9761e9050b808ff6526505154125cc3264d3da9089050500a208f8ec6"", ""Lab02/tests/data/ami33/ami33.nets"": ""be2e6f7c1e8056df46f92dee909fff6873bd6855ff1a7cc14479d9659e3cd963""}","[""--policy"", ""feasibility"", ""--stats"", ""--seed"", ""19"", ""--iterations"", ""300000""]",c++ (Ubuntu 11.4.0-1ubuntu1~22.04) 11.4.0,Release,
legalizer-study,Lab03,testcase1_16900,legacy,,0,,none,8.892464057076722,8.51,30916.0,True,683367840.0,valid,1,98d7af905761898d58e62ae86a318241b5a45b5eb8404839a5c6ca97bca5bc2b,"{""Lab03/tests/data/testcase1_16900.lg"": ""2bcbe09841750ea5b82a0087c048d12235940fe08bee8523e26a4f2a2257cb97"", ""Lab03/tests/data/testcase1_16900.opt"": ""78952a653196bd041c8c69d64f9bedfda129070de0464f1cfc181e7b2919d3a9""}","[""--strategy"", ""legacy"", ""--stats""]",c++ (Ubuntu 11.4.0-1ubuntu1~22.04) 11.4.0,Release,
legalizer-study,Lab03,testcase1_16900,minimum,,0,,none,15.6772974813357,15.11,30952.0,True,243937950.0,valid,1,98d7af905761898d58e62ae86a318241b5a45b5eb8404839a5c6ca97bca5bc2b,"{""Lab03/tests/data/testcase1_16900.lg"": ""2bcbe09841750ea5b82a0087c048d12235940fe08bee8523e26a4f2a2257cb97"", ""Lab03/tests/data/testcase1_16900.opt"": ""78952a653196bd041c8c69d64f9bedfda129070de0464f1cfc181e7b2919d3a9""}","[""--strategy"", ""minimum"", ""--stats""]",c++ (Ubuntu 11.4.0-1ubuntu1~22.04) 11.4.0,Release,
legalizer-study,Lab03,testcase1_16900,repair,,0,,none,15.796160958707333,15.209999999999999,30944.0,True,243937950.0,valid,1,98d7af905761898d58e62ae86a318241b5a45b5eb8404839a5c6ca97bca5bc2b,"{""Lab03/tests/data/testcase1_16900.lg"": ""2bcbe09841750ea5b82a0087c048d12235940fe08bee8523e26a4f2a2257cb97"", ""Lab03/tests/data/testcase1_16900.opt"": ""78952a653196bd041c8c69d64f9bedfda129070de0464f1cfc181e7b2919d3a9""}","[""--strategy"", ""repair"", ""--stats""]",c++ (Ubuntu 11.4.0-1ubuntu1~22.04) 11.4.0,Release,
legalizer-study,Lab03,testcase1_16900,minimum,,1,,none,16.284991577733308,15.799999999999999,30996.0,True,243937950.0,valid,1,98d7af905761898d58e62ae86a318241b5a45b5eb8404839a5c6ca97bca5bc2b,"{""Lab03/tests/data/testcase1_16900.lg"": ""2bcbe09841750ea5b82a0087c048d12235940fe08bee8523e26a4f2a2257cb97"", ""Lab03/tests/data/testcase1_16900.opt"": ""78952a653196bd041c8c69d64f9bedfda129070de0464f1cfc181e7b2919d3a9""}","[""--strategy"", ""minimum"", ""--stats""]",c++ (Ubuntu 11.4.0-1ubuntu1~22.04) 11.4.0,Release,
legalizer-study,Lab03,testcase1_16900,repair,,1,,none,15.80740499123931,15.12,31052.0,True,243937950.0,valid,1,98d7af905761898d58e62ae86a318241b5a45b5eb8404839a5c6ca97bca5bc2b,"{""Lab03/tests/data/testcase1_16900.lg"": ""2bcbe09841750ea5b82a0087c048d12235940fe08bee8523e26a4f2a2257cb97"", ""Lab03/tests/data/testcase1_16900.opt"": ""78952a653196bd041c8c69d64f9bedfda129070de0464f1cfc181e7b2919d3a9""}","[""--strategy"", ""repair"", ""--stats""]",c++ (Ubuntu 11.4.0-1ubuntu1~22.04) 11.4.0,Release,
legalizer-study,Lab03,testcase1_16900,legacy,,1,,none,8.815814702771604,8.34,30836.0,True,683367840.0,valid,1,98d7af905761898d58e62ae86a318241b5a45b5eb8404839a5c6ca97bca5bc2b,"{""Lab03/tests/data/testcase1_16900.lg"": ""2bcbe09841750ea5b82a0087c048d12235940fe08bee8523e26a4f2a2257cb97"", ""Lab03/tests/data/testcase1_16900.opt"": ""78952a653196bd041c8c69d64f9bedfda129070de0464f1cfc181e7b2919d3a9""}","[""--strategy"", ""legacy"", ""--stats""]",c++ (Ubuntu 11.4.0-1ubuntu1~22.04) 11.4.0,Release,
legalizer-study,Lab03,testcase1_16900,repair,,2,,none,15.939078468363732,15.360000000000001,30920.0,True,243937950.0,valid,1,98d7af905761898d58e62ae86a318241b5a45b5eb8404839a5c6ca97bca5bc2b,"{""Lab03/tests/data/testcase1_16900.lg"": ""2bcbe09841750ea5b82a0087c048d12235940fe08bee8523e26a4f2a2257cb97"", ""Lab03/tests/data/testcase1_16900.opt"": ""78952a653196bd041c8c69d64f9bedfda129070de0464f1cfc181e7b2919d3a9""}","[""--strategy"", ""repair"", ""--stats""]",c++ (Ubuntu 11.4.0-1ubuntu1~22.04) 11.4.0,Release,
legalizer-study,Lab03,testcase1_16900,legacy,,2,,none,8.908118673134595,8.45,30828.0,True,683367840.0,valid,1,98d7af905761898d58e62ae86a318241b5a45b5eb8404839a5c6ca97bca5bc2b,"{""Lab03/tests/data/testcase1_16900.lg"": ""2bcbe09841750ea5b82a0087c048d12235940fe08bee8523e26a4f2a2257cb97"", ""Lab03/tests/data/testcase1_16900.opt"": ""78952a653196bd041c8c69d64f9bedfda129070de0464f1cfc181e7b2919d3a9""}","[""--strategy"", ""legacy"", ""--stats""]",c++ (Ubuntu 11.4.0-1ubuntu1~22.04) 11.4.0,Release,
legalizer-study,Lab03,testcase1_16900,minimum,,2,,none,15.908425118774176,15.29,31000.0,True,243937950.0,valid,1,98d7af905761898d58e62ae86a318241b5a45b5eb8404839a5c6ca97bca5bc2b,"{""Lab03/tests/data/testcase1_16900.lg"": ""2bcbe09841750ea5b82a0087c048d12235940fe08bee8523e26a4f2a2257cb97"", ""Lab03/tests/data/testcase1_16900.opt"": ""78952a653196bd041c8c69d64f9bedfda129070de0464f1cfc181e7b2919d3a9""}","[""--strategy"", ""minimum"", ""--stats""]",c++ (Ubuntu 11.4.0-1ubuntu1~22.04) 11.4.0,Release,
legalizer-study,Lab03,testcase1_ALL0_5000,legacy,,0,,none,58.33684662403539,57.78,31408.0,True,49475212800.0,valid,1,98d7af905761898d58e62ae86a318241b5a45b5eb8404839a5c6ca97bca5bc2b,"{""Lab03/tests/data/testcase1_ALL0_5000.lg"": ""2bc23e3f637243836540e8a912e08c620ffc34e659ee8762847c290c0444372c"", ""Lab03/tests/data/testcase1_ALL0_5000.opt"": ""c9cf98b370945469c98bd8ecdb542b0de819763506080ea380a385740d45a5c8""}","[""--strategy"", ""legacy"", ""--stats""]",c++ (Ubuntu 11.4.0-1ubuntu1~22.04) 11.4.0,Release,
legalizer-study,Lab03,testcase1_ALL0_5000,minimum,,0,,none,87.59962626732886,87.05,31512.0,True,38462934600.0,valid,1,98d7af905761898d58e62ae86a318241b5a45b5eb8404839a5c6ca97bca5bc2b,"{""Lab03/tests/data/testcase1_ALL0_5000.lg"": ""2bc23e3f637243836540e8a912e08c620ffc34e659ee8762847c290c0444372c"", ""Lab03/tests/data/testcase1_ALL0_5000.opt"": ""c9cf98b370945469c98bd8ecdb542b0de819763506080ea380a385740d45a5c8""}","[""--strategy"", ""minimum"", ""--stats""]",c++ (Ubuntu 11.4.0-1ubuntu1~22.04) 11.4.0,Release,
legalizer-study,Lab03,testcase1_ALL0_5000,repair,,0,,none,87.956675095018,87.76,31392.0,True,38462934600.0,valid,1,98d7af905761898d58e62ae86a318241b5a45b5eb8404839a5c6ca97bca5bc2b,"{""Lab03/tests/data/testcase1_ALL0_5000.lg"": ""2bc23e3f637243836540e8a912e08c620ffc34e659ee8762847c290c0444372c"", ""Lab03/tests/data/testcase1_ALL0_5000.opt"": ""c9cf98b370945469c98bd8ecdb542b0de819763506080ea380a385740d45a5c8""}","[""--strategy"", ""repair"", ""--stats""]",c++ (Ubuntu 11.4.0-1ubuntu1~22.04) 11.4.0,Release,
legalizer-study,Lab03,testcase1_ALL0_5000,minimum,,1,,none,90.10925367288291,90.06,31396.0,True,38462934600.0,valid,1,98d7af905761898d58e62ae86a318241b5a45b5eb8404839a5c6ca97bca5bc2b,"{""Lab03/tests/data/testcase1_ALL0_5000.lg"": ""2bc23e3f637243836540e8a912e08c620ffc34e659ee8762847c290c0444372c"", ""Lab03/tests/data/testcase1_ALL0_5000.opt"": ""c9cf98b370945469c98bd8ecdb542b0de819763506080ea380a385740d45a5c8""}","[""--strategy"", ""minimum"", ""--stats""]",c++ (Ubuntu 11.4.0-1ubuntu1~22.04) 11.4.0,Release,
legalizer-study,Lab03,testcase1_ALL0_5000,repair,,1,,none,89.60340568982065,89.57000000000001,31648.0,True,38462934600.0,valid,1,98d7af905761898d58e62ae86a318241b5a45b5eb8404839a5c6ca97bca5bc2b,"{""Lab03/tests/data/testcase1_ALL0_5000.lg"": ""2bc23e3f637243836540e8a912e08c620ffc34e659ee8762847c290c0444372c"", ""Lab03/tests/data/testcase1_ALL0_5000.opt"": ""c9cf98b370945469c98bd8ecdb542b0de819763506080ea380a385740d45a5c8""}","[""--strategy"", ""repair"", ""--stats""]",c++ (Ubuntu 11.4.0-1ubuntu1~22.04) 11.4.0,Release,
legalizer-study,Lab03,testcase1_ALL0_5000,legacy,,1,,none,56.85826128581539,56.83,31496.0,True,49475212800.0,valid,1,98d7af905761898d58e62ae86a318241b5a45b5eb8404839a5c6ca97bca5bc2b,"{""Lab03/tests/data/testcase1_ALL0_5000.lg"": ""2bc23e3f637243836540e8a912e08c620ffc34e659ee8762847c290c0444372c"", ""Lab03/tests/data/testcase1_ALL0_5000.opt"": ""c9cf98b370945469c98bd8ecdb542b0de819763506080ea380a385740d45a5c8""}","[""--strategy"", ""legacy"", ""--stats""]",c++ (Ubuntu 11.4.0-1ubuntu1~22.04) 11.4.0,Release,
legalizer-study,Lab03,testcase1_ALL0_5000,repair,,2,,none,86.93280152697116,86.89999999999999,31644.0,True,38462934600.0,valid,1,98d7af905761898d58e62ae86a318241b5a45b5eb8404839a5c6ca97bca5bc2b,"{""Lab03/tests/data/testcase1_ALL0_5000.lg"": ""2bc23e3f637243836540e8a912e08c620ffc34e659ee8762847c290c0444372c"", ""Lab03/tests/data/testcase1_ALL0_5000.opt"": ""c9cf98b370945469c98bd8ecdb542b0de819763506080ea380a385740d45a5c8""}","[""--strategy"", ""repair"", ""--stats""]",c++ (Ubuntu 11.4.0-1ubuntu1~22.04) 11.4.0,Release,
legalizer-study,Lab03,testcase1_ALL0_5000,legacy,,2,,none,56.479802661109716,56.45,31388.0,True,49475212800.0,valid,1,98d7af905761898d58e62ae86a318241b5a45b5eb8404839a5c6ca97bca5bc2b,"{""Lab03/tests/data/testcase1_ALL0_5000.lg"": ""2bc23e3f637243836540e8a912e08c620ffc34e659ee8762847c290c0444372c"", ""Lab03/tests/data/testcase1_ALL0_5000.opt"": ""c9cf98b370945469c98bd8ecdb542b0de819763506080ea380a385740d45a5c8""}","[""--strategy"", ""legacy"", ""--stats""]",c++ (Ubuntu 11.4.0-1ubuntu1~22.04) 11.4.0,Release,
legalizer-study,Lab03,testcase1_ALL0_5000,minimum,,2,,none,86.78742788778618,86.75,31452.0,True,38462934600.0,valid,1,98d7af905761898d58e62ae86a318241b5a45b5eb8404839a5c6ca97bca5bc2b,"{""Lab03/tests/data/testcase1_ALL0_5000.lg"": ""2bc23e3f637243836540e8a912e08c620ffc34e659ee8762847c290c0444372c"", ""Lab03/tests/data/testcase1_ALL0_5000.opt"": ""c9cf98b370945469c98bd8ecdb542b0de819763506080ea380a385740d45a5c8""}","[""--strategy"", ""minimum"", ""--stats""]",c++ (Ubuntu 11.4.0-1ubuntu1~22.04) 11.4.0,Release,
legalizer-study,Lab03,testcase1_MBFF_LIB_7000,legacy,,0,,none,37.57067030807957,37.54,34252.0,True,603995292000.0,valid,1,98d7af905761898d58e62ae86a318241b5a45b5eb8404839a5c6ca97bca5bc2b,"{""Lab03/tests/data/testcase1_MBFF_LIB_7000.lg"": ""49386c462719b8065ceeb8045783b39d12c1b053f650711d38468dec53922d6a"", ""Lab03/tests/data/testcase1_MBFF_LIB_7000.opt"": ""9d9a9665a941f9197ee3e6e6583a9bc24a7be9388cbcce4cc3d9c6f9a7dc1ae4""}","[""--strategy"", ""legacy"", ""--stats""]",c++ (Ubuntu 11.4.0-1ubuntu1~22.04) 11.4.0,Release,
legalizer-study,Lab03,testcase1_MBFF_LIB_7000,minimum,,0,,none,75.62824972392991,75.60000000000001,34008.0,True,236262778000.0,valid,1,98d7af905761898d58e62ae86a318241b5a45b5eb8404839a5c6ca97bca5bc2b,"{""Lab03/tests/data/testcase1_MBFF_LIB_7000.lg"": ""49386c462719b8065ceeb8045783b39d12c1b053f650711d38468dec53922d6a"", ""Lab03/tests/data/testcase1_MBFF_LIB_7000.opt"": ""9d9a9665a941f9197ee3e6e6583a9bc24a7be9388cbcce4cc3d9c6f9a7dc1ae4""}","[""--strategy"", ""minimum"", ""--stats""]",c++ (Ubuntu 11.4.0-1ubuntu1~22.04) 11.4.0,Release,
legalizer-study,Lab03,testcase1_MBFF_LIB_7000,repair,,0,,none,77.83392371796072,77.8,34172.0,True,236262778000.0,valid,1,98d7af905761898d58e62ae86a318241b5a45b5eb8404839a5c6ca97bca5bc2b,"{""Lab03/tests/data/testcase1_MBFF_LIB_7000.lg"": ""49386c462719b8065ceeb8045783b39d12c1b053f650711d38468dec53922d6a"", ""Lab03/tests/data/testcase1_MBFF_LIB_7000.opt"": ""9d9a9665a941f9197ee3e6e6583a9bc24a7be9388cbcce4cc3d9c6f9a7dc1ae4""}","[""--strategy"", ""repair"", ""--stats""]",c++ (Ubuntu 11.4.0-1ubuntu1~22.04) 11.4.0,Release,
legalizer-study,Lab03,testcase1_MBFF_LIB_7000,minimum,,1,,none,74.62818525219336,74.59,34340.0,True,236262778000.0,valid,1,98d7af905761898d58e62ae86a318241b5a45b5eb8404839a5c6ca97bca5bc2b,"{""Lab03/tests/data/testcase1_MBFF_LIB_7000.lg"": ""49386c462719b8065ceeb8045783b39d12c1b053f650711d38468dec53922d6a"", ""Lab03/tests/data/testcase1_MBFF_LIB_7000.opt"": ""9d9a9665a941f9197ee3e6e6583a9bc24a7be9388cbcce4cc3d9c6f9a7dc1ae4""}","[""--strategy"", ""minimum"", ""--stats""]",c++ (Ubuntu 11.4.0-1ubuntu1~22.04) 11.4.0,Release,
legalizer-study,Lab03,testcase1_MBFF_LIB_7000,repair,,1,,none,78.92877780692652,78.89,34128.0,True,236262778000.0,valid,1,98d7af905761898d58e62ae86a318241b5a45b5eb8404839a5c6ca97bca5bc2b,"{""Lab03/tests/data/testcase1_MBFF_LIB_7000.lg"": ""49386c462719b8065ceeb8045783b39d12c1b053f650711d38468dec53922d6a"", ""Lab03/tests/data/testcase1_MBFF_LIB_7000.opt"": ""9d9a9665a941f9197ee3e6e6583a9bc24a7be9388cbcce4cc3d9c6f9a7dc1ae4""}","[""--strategy"", ""repair"", ""--stats""]",c++ (Ubuntu 11.4.0-1ubuntu1~22.04) 11.4.0,Release,
legalizer-study,Lab03,testcase1_MBFF_LIB_7000,legacy,,1,,none,36.98914929991588,36.95,34252.0,True,603995292000.0,valid,1,98d7af905761898d58e62ae86a318241b5a45b5eb8404839a5c6ca97bca5bc2b,"{""Lab03/tests/data/testcase1_MBFF_LIB_7000.lg"": ""49386c462719b8065ceeb8045783b39d12c1b053f650711d38468dec53922d6a"", ""Lab03/tests/data/testcase1_MBFF_LIB_7000.opt"": ""9d9a9665a941f9197ee3e6e6583a9bc24a7be9388cbcce4cc3d9c6f9a7dc1ae4""}","[""--strategy"", ""legacy"", ""--stats""]",c++ (Ubuntu 11.4.0-1ubuntu1~22.04) 11.4.0,Release,
legalizer-study,Lab03,testcase1_MBFF_LIB_7000,repair,,2,,none,78.32950878702104,78.3,34360.0,True,236262778000.0,valid,1,98d7af905761898d58e62ae86a318241b5a45b5eb8404839a5c6ca97bca5bc2b,"{""Lab03/tests/data/testcase1_MBFF_LIB_7000.lg"": ""49386c462719b8065ceeb8045783b39d12c1b053f650711d38468dec53922d6a"", ""Lab03/tests/data/testcase1_MBFF_LIB_7000.opt"": ""9d9a9665a941f9197ee3e6e6583a9bc24a7be9388cbcce4cc3d9c6f9a7dc1ae4""}","[""--strategy"", ""repair"", ""--stats""]",c++ (Ubuntu 11.4.0-1ubuntu1~22.04) 11.4.0,Release,
legalizer-study,Lab03,testcase1_MBFF_LIB_7000,legacy,,2,,none,37.22184632811695,37.19,34260.0,True,603995292000.0,valid,1,98d7af905761898d58e62ae86a318241b5a45b5eb8404839a5c6ca97bca5bc2b,"{""Lab03/tests/data/testcase1_MBFF_LIB_7000.lg"": ""49386c462719b8065ceeb8045783b39d12c1b053f650711d38468dec53922d6a"", ""Lab03/tests/data/testcase1_MBFF_LIB_7000.opt"": ""9d9a9665a941f9197ee3e6e6583a9bc24a7be9388cbcce4cc3d9c6f9a7dc1ae4""}","[""--strategy"", ""legacy"", ""--stats""]",c++ (Ubuntu 11.4.0-1ubuntu1~22.04) 11.4.0,Release,
legalizer-study,Lab03,testcase1_MBFF_LIB_7000,minimum,,2,,none,74.62235618475825,74.59,34300.0,True,236262778000.0,valid,1,98d7af905761898d58e62ae86a318241b5a45b5eb8404839a5c6ca97bca5bc2b,"{""Lab03/tests/data/testcase1_MBFF_LIB_7000.lg"": ""49386c462719b8065ceeb8045783b39d12c1b053f650711d38468dec53922d6a"", ""Lab03/tests/data/testcase1_MBFF_LIB_7000.opt"": ""9d9a9665a941f9197ee3e6e6583a9bc24a7be9388cbcce4cc3d9c6f9a7dc1ae4""}","[""--strategy"", ""minimum"", ""--stats""]",c++ (Ubuntu 11.4.0-1ubuntu1~22.04) 11.4.0,Release,
legalizer-study,Lab03,testcase2_100,legacy,,0,,none,0.9515832937322557,0.92,42504.0,True,12566920200.0,valid,1,98d7af905761898d58e62ae86a318241b5a45b5eb8404839a5c6ca97bca5bc2b,"{""Lab03/tests/data/testcase2_100.lg"": ""72f669c888bfe588df64c9dbe63df1d8173f00ef350d78796b757d6961abc1d1"", ""Lab03/tests/data/testcase2_100.opt"": ""cee0615c06d9678d41511488ba9e8760d9c79a2da018e79730a2677e98923d13""}","[""--strategy"", ""legacy"", ""--stats""]",c++ (Ubuntu 11.4.0-1ubuntu1~22.04) 11.4.0,Release,
legalizer-study,Lab03,testcase2_100,minimum,,0,,none,12.36546814488247,12.34,42292.0,True,1996902000.0,valid,1,98d7af905761898d58e62ae86a318241b5a45b5eb8404839a5c6ca97bca5bc2b,"{""Lab03/tests/data/testcase2_100.lg"": ""72f669c888bfe588df64c9dbe63df1d8173f00ef350d78796b757d6961abc1d1"", ""Lab03/tests/data/testcase2_100.opt"": ""cee0615c06d9678d41511488ba9e8760d9c79a2da018e79730a2677e98923d13""}","[""--strategy"", ""minimum"", ""--stats""]",c++ (Ubuntu 11.4.0-1ubuntu1~22.04) 11.4.0,Release,
legalizer-study,Lab03,testcase2_100,repair,,0,,none,14.831314244773239,14.81,42308.0,True,1996902000.0,valid,1,98d7af905761898d58e62ae86a318241b5a45b5eb8404839a5c6ca97bca5bc2b,"{""Lab03/tests/data/testcase2_100.lg"": ""72f669c888bfe588df64c9dbe63df1d8173f00ef350d78796b757d6961abc1d1"", ""Lab03/tests/data/testcase2_100.opt"": ""cee0615c06d9678d41511488ba9e8760d9c79a2da018e79730a2677e98923d13""}","[""--strategy"", ""repair"", ""--stats""]",c++ (Ubuntu 11.4.0-1ubuntu1~22.04) 11.4.0,Release,
legalizer-study,Lab03,testcase2_100,minimum,,1,,none,12.780011368915439,12.760000000000002,42304.0,True,1996902000.0,valid,1,98d7af905761898d58e62ae86a318241b5a45b5eb8404839a5c6ca97bca5bc2b,"{""Lab03/tests/data/testcase2_100.lg"": ""72f669c888bfe588df64c9dbe63df1d8173f00ef350d78796b757d6961abc1d1"", ""Lab03/tests/data/testcase2_100.opt"": ""cee0615c06d9678d41511488ba9e8760d9c79a2da018e79730a2677e98923d13""}","[""--strategy"", ""minimum"", ""--stats""]",c++ (Ubuntu 11.4.0-1ubuntu1~22.04) 11.4.0,Release,
legalizer-study,Lab03,testcase2_100,repair,,1,,none,14.82464409712702,14.8,42376.0,True,1996902000.0,valid,1,98d7af905761898d58e62ae86a318241b5a45b5eb8404839a5c6ca97bca5bc2b,"{""Lab03/tests/data/testcase2_100.lg"": ""72f669c888bfe588df64c9dbe63df1d8173f00ef350d78796b757d6961abc1d1"", ""Lab03/tests/data/testcase2_100.opt"": ""cee0615c06d9678d41511488ba9e8760d9c79a2da018e79730a2677e98923d13""}","[""--strategy"", ""repair"", ""--stats""]",c++ (Ubuntu 11.4.0-1ubuntu1~22.04) 11.4.0,Release,
legalizer-study,Lab03,testcase2_100,legacy,,1,,none,0.9458995452150702,0.92,42520.0,True,12566920200.0,valid,1,98d7af905761898d58e62ae86a318241b5a45b5eb8404839a5c6ca97bca5bc2b,"{""Lab03/tests/data/testcase2_100.lg"": ""72f669c888bfe588df64c9dbe63df1d8173f00ef350d78796b757d6961abc1d1"", ""Lab03/tests/data/testcase2_100.opt"": ""cee0615c06d9678d41511488ba9e8760d9c79a2da018e79730a2677e98923d13""}","[""--strategy"", ""legacy"", ""--stats""]",c++ (Ubuntu 11.4.0-1ubuntu1~22.04) 11.4.0,Release,
legalizer-study,Lab03,testcase2_100,repair,,2,,none,14.701636120211333,14.680000000000001,42372.0,True,1996902000.0,valid,1,98d7af905761898d58e62ae86a318241b5a45b5eb8404839a5c6ca97bca5bc2b,"{""Lab03/tests/data/testcase2_100.lg"": ""72f669c888bfe588df64c9dbe63df1d8173f00ef350d78796b757d6961abc1d1"", ""Lab03/tests/data/testcase2_100.opt"": ""cee0615c06d9678d41511488ba9e8760d9c79a2da018e79730a2677e98923d13""}","[""--strategy"", ""repair"", ""--stats""]",c++ (Ubuntu 11.4.0-1ubuntu1~22.04) 11.4.0,Release,
legalizer-study,Lab03,testcase2_100,legacy,,2,,none,0.9187481622211635,0.89,42376.0,True,12566920200.0,valid,1,98d7af905761898d58e62ae86a318241b5a45b5eb8404839a5c6ca97bca5bc2b,"{""Lab03/tests/data/testcase2_100.lg"": ""72f669c888bfe588df64c9dbe63df1d8173f00ef350d78796b757d6961abc1d1"", ""Lab03/tests/data/testcase2_100.opt"": ""cee0615c06d9678d41511488ba9e8760d9c79a2da018e79730a2677e98923d13""}","[""--strategy"", ""legacy"", ""--stats""]",c++ (Ubuntu 11.4.0-1ubuntu1~22.04) 11.4.0,Release,
legalizer-study,Lab03,testcase2_100,minimum,,2,,none,12.696273806970567,12.680000000000001,42336.0,True,1996902000.0,valid,1,98d7af905761898d58e62ae86a318241b5a45b5eb8404839a5c6ca97bca5bc2b,"{""Lab03/tests/data/testcase2_100.lg"": ""72f669c888bfe588df64c9dbe63df1d8173f00ef350d78796b757d6961abc1d1"", ""Lab03/tests/data/testcase2_100.opt"": ""cee0615c06d9678d41511488ba9e8760d9c79a2da018e79730a2677e98923d13""}","[""--strategy"", ""minimum"", ""--stats""]",c++ (Ubuntu 11.4.0-1ubuntu1~22.04) 11.4.0,Release,
legalizer-study,Lab03,testcase3_4579,legacy,,0,,none,18.85995282512158,18.84,32348.0,True,352683618000.0,valid,1,98d7af905761898d58e62ae86a318241b5a45b5eb8404839a5c6ca97bca5bc2b,"{""Lab03/tests/data/testcase3_4579.lg"": ""4560a8d3500fc0d6ea411807d2577ed57696f9cb487a6d2118a396b3346190f9"", ""Lab03/tests/data/testcase3_4579.opt"": ""a52cf1f84acb9cdd55dcb9cd28401e5601282a6101962bfc53cf5ed8ad992348""}","[""--strategy"", ""legacy"", ""--stats""]",c++ (Ubuntu 11.4.0-1ubuntu1~22.04) 11.4.0,Release,
legalizer-study,Lab03,testcase3_4579,minimum,,0,,none,36.87255317112431,36.85,32104.0,True,133730472000.0,valid,1,98d7af905761898d58e62ae86a318241b5a45b5eb8404839a5c6ca97bca5bc2b,"{""Lab03/tests/data/testcase3_4579.lg"": ""4560a8d3500fc0d6ea411807d2577ed57696f9cb487a6d2118a396b3346190f9"", ""Lab03/tests/data/testcase3_4579.opt"": ""a52cf1f84acb9cdd55dcb9cd28401e5601282a6101962bfc53cf5ed8ad992348""}","[""--strategy"", ""minimum"", ""--stats""]",c++ (Ubuntu 11.4.0-1ubuntu1~22.04) 11.4.0,Release,
legalizer-study,Lab03,testcase3_4579,repair,,0,,none,37.39099920820445,37.36,32284.0,True,133730472000.0,valid,1,98d7af905761898d58e62ae86a318241b5a45b5eb8404839a5c6ca97bca5bc2b,"{""Lab03/tests/data/testcase3_4579.lg"": ""4560a8d3500fc0d6ea411807d2577ed57696f9cb487a6d2118a396b3346190f9"", ""Lab03/tests/data/testcase3_4579.opt"": ""a52cf1f84acb9cdd55dcb9cd28401e5601282a6101962bfc53cf5ed8ad992348""}","[""--strategy"", ""repair"", ""--stats""]",c++ (Ubuntu 11.4.0-1ubuntu1~22.04) 11.4.0,Release,
legalizer-study,Lab03,testcase3_4579,minimum,,1,,none,36.74190951278433,36.709999999999994,32328.0,True,133730472000.0,valid,1,98d7af905761898d58e62ae86a318241b5a45b5eb8404839a5c6ca97bca5bc2b,"{""Lab03/tests/data/testcase3_4579.lg"": ""4560a8d3500fc0d6ea411807d2577ed57696f9cb487a6d2118a396b3346190f9"", ""Lab03/tests/data/testcase3_4579.opt"": ""a52cf1f84acb9cdd55dcb9cd28401e5601282a6101962bfc53cf5ed8ad992348""}","[""--strategy"", ""minimum"", ""--stats""]",c++ (Ubuntu 11.4.0-1ubuntu1~22.04) 11.4.0,Release,
legalizer-study,Lab03,testcase3_4579,repair,,1,,none,38.03077682200819,38.01,32204.0,True,133730472000.0,valid,1,98d7af905761898d58e62ae86a318241b5a45b5eb8404839a5c6ca97bca5bc2b,"{""Lab03/tests/data/testcase3_4579.lg"": ""4560a8d3500fc0d6ea411807d2577ed57696f9cb487a6d2118a396b3346190f9"", ""Lab03/tests/data/testcase3_4579.opt"": ""a52cf1f84acb9cdd55dcb9cd28401e5601282a6101962bfc53cf5ed8ad992348""}","[""--strategy"", ""repair"", ""--stats""]",c++ (Ubuntu 11.4.0-1ubuntu1~22.04) 11.4.0,Release,
legalizer-study,Lab03,testcase3_4579,legacy,,1,,none,19.06405865866691,19.040000000000003,32324.0,True,352683618000.0,valid,1,98d7af905761898d58e62ae86a318241b5a45b5eb8404839a5c6ca97bca5bc2b,"{""Lab03/tests/data/testcase3_4579.lg"": ""4560a8d3500fc0d6ea411807d2577ed57696f9cb487a6d2118a396b3346190f9"", ""Lab03/tests/data/testcase3_4579.opt"": ""a52cf1f84acb9cdd55dcb9cd28401e5601282a6101962bfc53cf5ed8ad992348""}","[""--strategy"", ""legacy"", ""--stats""]",c++ (Ubuntu 11.4.0-1ubuntu1~22.04) 11.4.0,Release,
legalizer-study,Lab03,testcase3_4579,repair,,2,,none,38.264798066578805,38.24,32376.0,True,133730472000.0,valid,1,98d7af905761898d58e62ae86a318241b5a45b5eb8404839a5c6ca97bca5bc2b,"{""Lab03/tests/data/testcase3_4579.lg"": ""4560a8d3500fc0d6ea411807d2577ed57696f9cb487a6d2118a396b3346190f9"", ""Lab03/tests/data/testcase3_4579.opt"": ""a52cf1f84acb9cdd55dcb9cd28401e5601282a6101962bfc53cf5ed8ad992348""}","[""--strategy"", ""repair"", ""--stats""]",c++ (Ubuntu 11.4.0-1ubuntu1~22.04) 11.4.0,Release,
legalizer-study,Lab03,testcase3_4579,legacy,,2,,none,19.31579720089212,19.290000000000003,32364.0,True,352683618000.0,valid,1,98d7af905761898d58e62ae86a318241b5a45b5eb8404839a5c6ca97bca5bc2b,"{""Lab03/tests/data/testcase3_4579.lg"": ""4560a8d3500fc0d6ea411807d2577ed57696f9cb487a6d2118a396b3346190f9"", ""Lab03/tests/data/testcase3_4579.opt"": ""a52cf1f84acb9cdd55dcb9cd28401e5601282a6101962bfc53cf5ed8ad992348""}","[""--strategy"", ""legacy"", ""--stats""]",c++ (Ubuntu 11.4.0-1ubuntu1~22.04) 11.4.0,Release,
legalizer-study,Lab03,testcase3_4579,minimum,,2,,none,36.81325982185081,36.79,32368.0,True,133730472000.0,valid,1,98d7af905761898d58e62ae86a318241b5a45b5eb8404839a5c6ca97bca5bc2b,"{""Lab03/tests/data/testcase3_4579.lg"": ""4560a8d3500fc0d6ea411807d2577ed57696f9cb487a6d2118a396b3346190f9"", ""Lab03/tests/data/testcase3_4579.opt"": ""a52cf1f84acb9cdd55dcb9cd28401e5601282a6101962bfc53cf5ed8ad992348""}","[""--strategy"", ""minimum"", ""--stats""]",c++ (Ubuntu 11.4.0-1ubuntu1~22.04) 11.4.0,Release,
legalizer-generated,Lab03,placement-40-h1-654,legacy,,0,,none,0.2417183150537312,0.0,4024.0,True,1846.0,valid,1,98d7af905761898d58e62ae86a318241b5a45b5eb8404839a5c6ca97bca5bc2b,"{""benchmarks/work/legalizer-study-q0bb8btz/inputs/placement-40-h1-654.lg"": ""ac2465f29184f834752a1ee7a89f5a7934f2b4ee9f874edbc75ef306c6385f77"", ""benchmarks/work/legalizer-study-q0bb8btz/inputs/placement-40-h1-654.opt"": ""28e1d7d8adbbcff5950fd16bb5764aa83d9a6b26cd6368168437ed2f579bce43""}","[""--strategy"", ""legacy"", ""--stats""]",c++ (Ubuntu 11.4.0-1ubuntu1~22.04) 11.4.0,Release,
legalizer-generated,Lab03,placement-40-h1-654,minimum,,0,,none,0.22678611800074577,0.0,4092.0,True,25.0,valid,1,98d7af905761898d58e62ae86a318241b5a45b5eb8404839a5c6ca97bca5bc2b,"{""benchmarks/work/legalizer-study-q0bb8btz/inputs/placement-40-h1-654.lg"": ""ac2465f29184f834752a1ee7a89f5a7934f2b4ee9f874edbc75ef306c6385f77"", ""benchmarks/work/legalizer-study-q0bb8btz/inputs/placement-40-h1-654.opt"": ""28e1d7d8adbbcff5950fd16bb5764aa83d9a6b26cd6368168437ed2f579bce43""}","[""--strategy"", ""minimum"", ""--stats""]",c++ (Ubuntu 11.4.0-1ubuntu1~22.04) 11.4.0,Release,
legalizer-generated,Lab03,placement-40-h1-654,repair,,0,,none,0.310519902035594,0.0,4072.0,True,25.0,valid,1,98d7af905761898d58e62ae86a318241b5a45b5eb8404839a5c6ca97bca5bc2b,"{""benchmarks/work/legalizer-study-q0bb8btz/inputs/placement-40-h1-654.lg"": ""ac2465f29184f834752a1ee7a89f5a7934f2b4ee9f874edbc75ef306c6385f77"", ""benchmarks/work/legalizer-study-q0bb8btz/inputs/placement-40-h1-654.opt"": ""28e1d7d8adbbcff5950fd16bb5764aa83d9a6b26cd6368168437ed2f579bce43""}","[""--strategy"", ""repair"", ""--stats""]",c++ (Ubuntu 11.4.0-1ubuntu1~22.04) 11.4.0,Release,
legalizer-generated,Lab03,placement-40-h1-654,minimum,,1,,none,0.3153018062002957,0.0,4096.0,True,25.0,valid,1,98d7af905761898d58e62ae86a318241b5a45b5eb8404839a5c6ca97bca5bc2b,"{""benchmarks/work/legalizer-study-q0bb8btz/inputs/placement-40-h1-654.lg"": ""ac2465f29184f834752a1ee7a89f5a7934f2b4ee9f874edbc75ef306c6385f77"", ""benchmarks/work/legalizer-study-q0bb8btz/inputs/placement-40-h1-654.opt"": ""28e1d7d8adbbcff5950fd16bb5764aa83d9a6b26cd6368168437ed2f579bce43""}","[""--strategy"", ""minimum"", ""--stats""]",c++ (Ubuntu 11.4.0-1ubuntu1~22.04) 11.4.0,Release,
legalizer-generated,Lab03,placement-40-h1-654,repair,,1,,none,0.3456508410163224,0.0,4032.0,True,25.0,valid,1,98d7af905761898d58e62ae86a318241b5a45b5eb8404839a5c6ca97bca5bc2b,"{""benchmarks/work/legalizer-study-q0bb8btz/inputs/placement-40-h1-654.lg"": ""ac2465f29184f834752a1ee7a89f5a7934f2b4ee9f874edbc75ef306c6385f77"", ""benchmarks/work/legalizer-study-q0bb8btz/inputs/placement-40-h1-654.opt"": ""28e1d7d8adbbcff5950fd16bb5764aa83d9a6b26cd6368168437ed2f579bce43""}","[""--strategy"", ""repair"", ""--stats""]",c++ (Ubuntu 11.4.0-1ubuntu1~22.04) 11.4.0,Release,
legalizer-generated,Lab03,placement-40-h1-654,legacy,,1,,none,0.270508854649961,0.0,4076.0,True,1846.0,valid,1,98d7af905761898d58e62ae86a318241b5a45b5eb8404839a5c6ca97bca5bc2b,"{""benchmarks/work/legalizer-study-q0bb8btz/inputs/placement-40-h1-654.lg"": ""ac2465f29184f834752a1ee7a89f5a7934f2b4ee9f874edbc75ef306c6385f77"", ""benchmarks/work/legalizer-study-q0bb8btz/inputs/placement-40-h1-654.opt"": ""28e1d7d8adbbcff5950fd16bb5764aa83d9a6b26cd6368168437ed2f579bce43""}","[""--strategy"", ""legacy"", ""--stats""]",c++ (Ubuntu 11.4.0-1ubuntu1~22.04) 11.4.0,Release,
legalizer-generated,Lab03,placement-40-h1-654,repair,,2,,none,0.2021745857782662,0.01,4092.0,True,25.0,valid,1,98d7af905761898d58e62ae86a318241b5a45b5eb8404839a5c6ca97bca5bc2b,"{""benchmarks/work/legalizer-study-q0bb8btz/inputs/placement-40-h1-654.lg"": ""ac2465f29184f834752a1ee7a89f5a7934f2b4ee9f874edbc75ef306c6385f77"", ""benchmarks/work/legalizer-study-q0bb8btz/inputs/placement-40-h1-654.opt"": ""28e1d7d8adbbcff5950fd16bb5764aa83d9a6b26cd6368168437ed2f579bce43""}","[""--strategy"", ""repair"", ""--stats""]",c++ (Ubuntu 11.4.0-1ubuntu1~22.04) 11.4.0,Release,
legalizer-generated,Lab03,placement-40-h1-654,legacy,,2,,none,0.24927552603185177,0.0,4072.0,True,1846.0,valid,1,98d7af905761898d58e62ae86a318241b5a45b5eb8404839a5c6ca97bca5bc2b,"{""benchmarks/work/legalizer-study-q0bb8btz/inputs/placement-40-h1-654.lg"": ""ac2465f29184f834752a1ee7a89f5a7934f2b4ee9f874edbc75ef306c6385f77"", ""benchmarks/work/legalizer-study-q0bb8btz/inputs/placement-40-h1-654.opt"": ""28e1d7d8adbbcff5950fd16bb5764aa83d9a6b26cd6368168437ed2f579bce43""}","[""--strategy"", ""legacy"", ""--stats""]",c++ (Ubuntu 11.4.0-1ubuntu1~22.04) 11.4.0,Release,
legalizer-generated,Lab03,placement-40-h1-654,minimum,,2,,none,0.33157947892323136,0.0,4092.0,True,25.0,valid,1,98d7af905761898d58e62ae86a318241b5a45b5eb8404839a5c6ca97bca5bc2b,"{""benchmarks/work/legalizer-study-q0bb8btz/inputs/placement-40-h1-654.lg"": ""ac2465f29184f834752a1ee7a89f5a7934f2b4ee9f874edbc75ef306c6385f77"", ""benchmarks/work/legalizer-study-q0bb8btz/inputs/placement-40-h1-654.opt"": ""28e1d7d8adbbcff5950fd16bb5764aa83d9a6b26cd6368168437ed2f579bce43""}","[""--strategy"", ""minimum"", ""--stats""]",c++ (Ubuntu 11.4.0-1ubuntu1~22.04) 11.4.0,Release,
legalizer-generated,Lab03,placement-40-h2-655,legacy,,0,,none,0.2765038227662444,0.0,3872.0,True,1292.0,valid,1,98d7af905761898d58e62ae86a318241b5a45b5eb8404839a5c6ca97bca5bc2b,"{""benchmarks/work/legalizer-study-q0bb8btz/inputs/placement-40-h2-655.lg"": ""561309e91927b7e534cfad85bf9f99b281a6462a698f196f5337b98302630234"", ""benchmarks/work/legalizer-study-q0bb8btz/inputs/placement-40-h2-655.opt"": ""ceb63fcf62cbc3618b003a9feab36afaf8cb4d07bbad5b5e0b39814c1b84b161""}","[""--strategy"", ""legacy"", ""--stats""]",c++ (Ubuntu 11.4.0-1ubuntu1~22.04) 11.4.0,Release,
legalizer-generated,Lab03,placement-40-h2-655,minimum,,0,,none,0.36817257292568684,0.0,3888.0,True,56.0,valid,1,98d7af905761898d58e62ae86a318241b5a45b5eb8404839a5c6ca97bca5bc2b,"{""benchmarks/work/legalizer-study-q0bb8btz/inputs/placement-40-h2-655.lg"": ""561309e91927b7e534cfad85bf9f99b281a6462a698f196f5337b98302630234"", ""benchmarks/work/legalizer-study-q0bb8btz/inputs/placement-40-h2-655.opt"": ""ceb63fcf62cbc3618b003a9feab36afaf8cb4d07bbad5b5e0b39814c1b84b161""}","[""--strategy"", ""minimum"", ""--stats""]",c++ (Ubuntu 11.4.0-1ubuntu1~22.04) 11.4.0,Release,
legalizer-generated,Lab03,placement-40-h2-655,repair,,0,,none,0.27420055214315653,0.0,4064.0,True,56.0,valid,1,98d7af905761898d58e62ae86a318241b5a45b5eb8404839a5c6ca97bca5bc2b,"{""benchmarks/work/legalizer-study-q0bb8btz/inputs/placement-40-h2-655.lg"": ""561309e91927b7e534cfad85bf9f99b281a6462a698f196f5337b98302630234"", ""benchmarks/work/legalizer-study-q0bb8btz/inputs/placement-40-h2-655.opt"": ""ceb63fcf62cbc3618b003a9feab36afaf8cb4d07bbad5b5e0b39814c1b84b161""}","[""--strategy"", ""repair"", ""--stats""]",c++ (Ubuntu 11.4.0-1ubuntu1~22.04) 11.4.0,Release,
legalizer-generated,Lab03,placement-40-h2-655,minimum,,1,,none,0.3219135468825698,0.0,3912.0,True,56.0,valid,1,98d7af905761898d58e62ae86a318241b5a45b5eb8404839a5c6ca97bca5bc2b,"{""benchmarks/work/legalizer-study-q0bb8btz/inputs/placement-40-h2-655.lg"": ""561309e91927b7e534cfad85bf9f99b281a6462a698f196f5337b98302630234"", ""benchmarks/work/legalizer-study-q0bb8btz/inputs/placement-40-h2-655.opt"": ""ceb63fcf62cbc3618b003a9feab36afaf8cb4d07bbad5b5e0b39814c1b84b161""}","[""--strategy"", ""minimum"", ""--stats""]",c++ (Ubuntu 11.4.0-1ubuntu1~22.04) 11.4.0,Release,
legalizer-generated,Lab03,placement-40-h2-655,repair,,1,,none,0.30303530488163233,0.01,4000.0,True,56.0,valid,1,98d7af905761898d58e62ae86a318241b5a45b5eb8404839a5c6ca97bca5bc2b,"{""benchmarks/work/legalizer-study-q0bb8btz/inputs/placement-40-h2-655.lg"": ""561309e91927b7e534cfad85bf9f99b281a6462a698f196f5337b98302630234"", ""benchmarks/work/legalizer-study-q0bb8btz/inputs/placement-40-h2-655.opt"": ""ceb63fcf62cbc3618b003a9feab36afaf8cb4d07bbad5b5e0b39814c1b84b161""}","[""--strategy"", ""repair"", ""--stats""]",c++ (Ubuntu 11.4.0-1ubuntu1~22.04) 11.4.0,Release,
legalizer-generated,Lab03,placement-40-h2-655,legacy,,1,,none,0.18381071696057916,0.0,3888.0,True,1292.0,valid,1,98d7af905761898d58e62ae86a318241b5a45b5eb8404839a5c6ca97bca5bc2b,"{""benchmarks/work/legalizer-study-q0bb8btz/inputs/placement-40-h2-655.lg"": ""561309e91927b7e534cfad85bf9f99b281a6462a698f196f5337b98302630234"", ""benchmarks/work/legalizer-study-q0bb8btz/inputs/placement-40-h2-655.opt"": ""ceb63fcf62cbc3618b003a9feab36afaf8cb4d07bbad5b5e0b39814c1b84b161""}","[""--strategy"", ""legacy"", ""--stats""]",c++ (Ubuntu 11.4.0-1ubuntu1~22.04) 11.4.0,Release,
legalizer-generated,Lab03,placement-40-h2-655,repair,,2,,none,0.1923725507222116,0.01,3940.0,True,56.0,valid,1,98d7af905761898d58e62ae86a318241b5a45b5eb8404839a5c6ca97bca5bc2b,"{""benchmarks/work/legalizer-study-q0bb8btz/inputs/placement-40-h2-655.lg"": ""561309e91927b7e534cfad85bf9f99b281a6462a698f196f5337b98302630234"", ""benchmarks/work/legalizer-study-q0bb8btz/inputs/placement-40-h2-655.opt"": ""ceb63fcf62cbc3618b003a9feab36afaf8cb4d07bbad5b5e0b39814c1b84b161""}","[""--strategy"", ""repair"", ""--stats""]",c++ (Ubuntu 11.4.0-1ubuntu1~22.04) 11.4.0,Release,
legalizer-generated,Lab03,placement-40-h2-655,legacy,,2,,none,0.2650295440107584,0.0,3932.0,True,1292.0,valid,1,98d7af905761898d58e62ae86a318241b5a45b5eb8404839a5c6ca97bca5bc2b,"{""benchmarks/work/legalizer-study-q0bb8btz/inputs/placement-40-h2-655.lg"": ""561309e91927b7e534cfad85bf9f99b281a6462a698f196f5337b98302630234"", ""benchmarks/work/legalizer-study-q0bb8btz/inputs/placement-40-h2-655.opt"": ""ceb63fcf62cbc3618b003a9feab36afaf8cb4d07bbad5b5e0b39814c1b84b161""}","[""--strategy"", ""legacy"", ""--stats""]",c++ (Ubuntu 11.4.0-1ubuntu1~22.04) 11.4.0,Release,
legalizer-generated,Lab03,placement-40-h2-655,minimum,,2,,none,0.2276356345973909,0.0,4052.0,True,56.0,valid,1,98d7af905761898d58e62ae86a318241b5a45b5eb8404839a5c6ca97bca5bc2b,"{""benchmarks/work/legalizer-study-q0bb8btz/inputs/placement-40-h2-655.lg"": ""561309e91927b7e534cfad85bf9f99b281a6462a698f196f5337b98302630234"", ""benchmarks/work/legalizer-study-q0bb8btz/inputs/placement-40-h2-655.opt"": ""ceb63fcf62cbc3618b003a9feab36afaf8cb4d07bbad5b5e0b39814c1b84b161""}","[""--strategy"", ""minimum"", ""--stats""]",c++ (Ubuntu 11.4.0-1ubuntu1~22.04) 11.4.0,Release,
legalizer-generated,Lab03,placement-70-h1-684,legacy,,0,,none,0.22246320080012083,0.0,4120.0,True,1350.0,valid,1,98d7af905761898d58e62ae86a318241b5a45b5eb8404839a5c6ca97bca5bc2b,"{""benchmarks/work/legalizer-study-q0bb8btz/inputs/placement-70-h1-684.lg"": ""36967723d11596df68d8ae90954a3e72b1f291d380889bf3dc4f57f321688a8f"", ""benchmarks/work/legalizer-study-q0bb8btz/inputs/placement-70-h1-684.opt"": ""c485fed731a767ea66d1312facee20c9cafa50ab1512e35dccc0064a7c0868e1""}","[""--strategy"", ""legacy"", ""--stats""]",c++ (Ubuntu 11.4.0-1ubuntu1~22.04) 11.4.0,Release,
legalizer-generated,Lab03,placement-70-h1-684,minimum,,0,,none,0.24049984896555543,0.0,4124.0,True,70.0,valid,1,98d7af905761898d58e62ae86a318241b5a45b5eb8404839a5c6ca97bca5bc2b,"{""benchmarks/work/legalizer-study-q0bb8btz/inputs/placement-70-h1-684.lg"": ""36967723d11596df68d8ae90954a3e72b1f291d380889bf3dc4f57f321688a8f"", ""benchmarks/work/legalizer-study-q0bb8btz/inputs/placement-70-h1-684.opt"": ""c485fed731a767ea66d1312facee20c9cafa50ab1512e35dccc0064a7c0868e1""}","[""--strategy"", ""minimum"", ""--stats""]",c++ (Ubuntu 11.4.0-1ubuntu1~22.04) 11.4.0,Release,
legalizer-generated,Lab03,placement-70-h1-684,repair,,0,,none,0.3307435903698206,0.01,4008.0,True,70.0,valid,1,98d7af905761898d58e62ae86a318241b5a45b5eb8404839a5c6ca97bca5bc2b,"{""benchmarks/work/legalizer-study-q0bb8btz/inputs/placement-70-h1-684.lg"": ""36967723d11596df68d8ae90954a3e72b1f291d380889bf3dc4f57f321688a8f"", ""benchmarks/work/legalizer-study-q0bb8btz/inputs/placement-70-h1-684.opt"": ""c485fed731a767ea66d1312facee20c9cafa50ab1512e35dccc0064a7c0868e1""}","[""--strategy"", ""repair"", ""--stats""]",c++ (Ubuntu 11.4.0-1ubuntu1~22.04) 11.4.0,Release,
legalizer-generated,Lab03,placement-70-h1-684,minimum,,1,,none,0.23711401084437966,0.0,4124.0,True,70.0,valid,1,98d7af905761898d58e62ae86a318241b5a45b5eb8404839a5c6ca97bca5bc2b,"{""benchmarks/work/legalizer-study-q0bb8btz/inputs/placement-70-h1-684.lg"": ""36967723d11596df68d8ae90954a3e72b1f291d380889bf3dc4f57f321688a8f"", ""benchmarks/work/legalizer-study-q0bb8btz/inputs/placement-70-h1-684.opt"": ""c485fed731a767ea66d1312facee20c9cafa50ab1512e35dccc0064a7c0868e1""}","[""--strategy"", ""minimum"", ""--stats""]",c++ (Ubuntu 11.4.0-1ubuntu1~22.04) 11.4.0,Release,
legalizer-generated,Lab03,placement-70-h1-684,repair,,1,,none,0.3095654477365315,0.01,3964.0,True,70.0,valid,1,98d7af905761898d58e62ae86a318241b5a45b5eb8404839a5c6ca97bca5bc2b,"{""benchmarks/work/legalizer-study-q0bb8btz/inputs/placement-70-h1-684.lg"": ""36967723d11596df68d8ae90954a3e72b1f291d380889bf3dc4f57f321688a8f"", ""benchmarks/work/legalizer-study-q0bb8btz/inputs/placement-70-h1-684.opt"": ""c485fed731a767ea66d1312facee20c9cafa50ab1512e35dccc0064a7c0868e1""}","[""--strategy"", ""repair"", ""--stats""]",c++ (Ubuntu 11.4.0-1ubuntu1~22.04) 11.4.0,Release,
legalizer-generated,Lab03,placement-70-h1-684,legacy,,1,,none,0.23854652978479862,0.0,4060.0,True,1350.0,valid,1,98d7af905761898d58e62ae86a318241b5a45b5eb8404839a5c6ca97bca5bc2b,"{""benchmarks/work/legalizer-study-q0bb8btz/inputs/placement-70-h1-684.lg"": ""36967723d11596df68d8ae90954a3e72b1f291d380889bf3dc4f57f321688a8f"", ""benchmarks/work/legalizer-study-q0bb8btz/inputs/placement-70-h1-684.opt"": ""c485fed731a767ea66d1312facee20c9cafa50ab1512e35dccc0064a7c0868e1""}","[""--strategy"", ""legacy"", ""--stats""]",c++ (Ubuntu 11.4.0-1ubuntu1~22.04) 11.4.0,Release,
legalizer-generated,Lab03,placement-70-h1-684,repair,,2,,none,0.232095321174711,0.01,3976.0,True,70.0,valid,1,98d7af905761898d58e62ae86a318241b5a45b5eb8404839a5c6ca97bca5bc2b,"{""benchmarks/work/legalizer-study-q0bb8btz/inputs/placement-70-h1-684.lg"": ""36967723d11596df68d8ae90954a3e72b1f291d380889bf3dc4f57f321688a8f"", ""benchmarks/work/legalizer-study-q0bb8btz/inputs/placement-70-h1-684.opt"": ""c485fed731a767ea66d1312facee20c9cafa50ab1512e35dccc0064a7c0868e1""}","[""--strategy"", ""repair"", ""--stats""]",c++ (Ubuntu 11.4.0-1ubuntu1~22.04) 11.4.0,Release,
legalizer-generated,Lab03,placement-70-h1-684,legacy,,2,,none,0.21762460423633456,0.0,3956.0,True,1350.0,valid,1,98d7af905761898d58e62ae86a318241b5a45b5eb8404839a5c6ca97bca5bc2b,"{""benchmarks/work/legalizer-study-q0bb8btz/inputs/placement-70-h1-684.lg"": ""36967723d11596df68d8ae90954a3e72b1f291d380889bf3dc4f57f321688a8f"", ""benchmarks/work/legalizer-study-q0bb8btz/inputs/placement-70-h1-684.opt"": ""c485fed731a767ea66d1312facee20c9cafa50ab1512e35dccc0064a7c0868e1""}","[""--strategy"", ""legacy"", ""--stats""]",c++ (Ubuntu 11.4.0-1ubuntu1~22.04) 11.4.0,Release,
legalizer-generated,Lab03,placement-70-h1-684,minimum,,2,,none,0.3797482829540968,0.0,4128.0,True,70.0,valid,1,98d7af905761898d58e62ae86a318241b5a45b5eb8404839a5c6ca97bca5bc2b,"{""benchmarks/work/legalizer-study-q0bb8btz/inputs/placement-70-h1-684.lg"": ""36967723d11596df68d8ae90954a3e72b1f291d380889bf3dc4f57f321688a8f"", ""benchmarks/work/legalizer-study-q0bb8btz/inputs/placement-70-h1-684.opt"": ""c485fed731a767ea66d1312facee20c9cafa50ab1512e35dccc0064a7c0868e1""}","[""--strategy"", ""minimum"", ""--stats""]",c++ (Ubuntu 11.4.0-1ubuntu1~22.04) 11.4.0,Release,
legalizer-generated,Lab03,placement-70-h2-685,legacy,,0,,none,0.3313346030190587,0.0,4076.0,True,1287.0,valid,1,98d7af905761898d58e62ae86a318241b5a45b5eb8404839a5c6ca97bca5bc2b,"{""benchmarks/work/legalizer-study-q0bb8btz/inputs/placement-70-h2-685.lg"": ""e2c8300cc57c19ca6d24e24fbff74b4260e75159bc631da12f950cdd5b891b60"", ""benchmarks/work/legalizer-study-q0bb8btz/inputs/placement-70-h2-685.opt"": ""fb47cb8466fd5da81e9df6672b19b3ce66d35d08320ee126610830fbb52b3d3c""}","[""--strategy"", ""legacy"", ""--stats""]",c++ (Ubuntu 11.4.0-1ubuntu1~22.04) 11.4.0,Release,
legalizer-generated,Lab03,placement-70-h2-685,minimum,,0,,none,0.2130751321092248,0.0,3932.0,True,117.0,valid,1,98d7af905761898d58e62ae86a318241b5a45b5eb8404839a5c6ca97bca5bc2b,"{""benchmarks/work/legalizer-study-q0bb8btz/inputs/placement-70-h2-685.lg"": ""e2c8300cc57c19ca6d24e24fbff74b4260e75159bc631da12f950cdd5b891b60"", ""benchmarks/work/legalizer-study-q0bb8btz/inputs/placement-70-h2-685.opt"": ""fb47cb8466fd5da81e9df6672b19b3ce66d35d08320ee126610830fbb52b3d3c""}","[""--strategy"", ""minimum"", ""--stats""]",c++ (Ubuntu 11.4.0-1ubuntu1~22.04) 11.4.0,Release,
legalizer-generated,Lab03,placement-70-h2-685,repair,,0,,none,0.3242157041095197,0.0,3960.0,True,117.0,valid,1,98d7af905761898d58e62ae86a318241b5a45b5eb8404839a5c6ca97bca5bc2b,"{""benchmarks/work/legalizer-study-q0bb8btz/inputs/placement-70-h2-685.lg"": ""e2c8300cc57c19ca6d24e24fbff74b4260e75159bc631da12f950cdd5b891b60"", ""benchmarks/work/legalizer-study-q0bb8btz/inputs/placement-70-h2-685.opt"": ""fb47cb8466fd5da81e9df6672b19b3ce66d35d08320ee126610830fbb52b3d3c""}","[""--strategy"", ""repair"", ""--stats""]",c++ (Ubuntu 11.4.0-1ubuntu1~22.04) 11.4.0,Release,
legalizer-generated,Lab03,placement-70-h2-685,minimum,,1,,none,0.18910484109073877,0.0,3880.0,True,117.0,valid,1,98d7af905761898d58e62ae86a318241b5a45b5eb8404839a5c6ca97bca5bc2b,"{""benchmarks/work/legalizer-study-q0bb8btz/inputs/placement-70-h2-685.lg"": ""e2c8300cc57c19ca6d24e24fbff74b4260e75159bc631da12f950cdd5b891b60"", ""benchmarks/work/legalizer-study-q0bb8btz/inputs/placement-70-h2-685.opt"": ""fb47cb8466fd5da81e9df6672b19b3ce66d35d08320ee126610830fbb52b3d3c""}","[""--strategy"", ""minimum"", ""--stats""]",c++ (Ubuntu 11.4.0-1ubuntu1~22.04) 11.4.0,Release,
legalizer-generated,Lab03,placement-70-h2-685,repair,,1,,none,0.2822757428511977,0.01,4040.0,True,117.0,valid,1,98d7af905761898d58e62ae86a318241b5a45b5eb8404839a5c6ca97bca5bc2b,"{""benchmarks/work/legalizer-study-q0bb8btz/inputs/placement-70-h2-685.lg"": ""e2c8300cc57c19ca6d24e24fbff74b4260e75159bc631da12f950cdd5b891b60"", ""benchmarks/work/legalizer-study-q0bb8btz/inputs/placement-70-h2-685.opt"": ""fb47cb8466fd5da81e9df6672b19b3ce66d35d08320ee126610830fbb52b3d3c""}","[""--strategy"", ""repair"", ""--stats""]",c++ (Ubuntu 11.4.0-1ubuntu1~22.04) 11.4.0,Release,
legalizer-generated,Lab03,placement-70-h2-685,legacy,,1,,none,0.3515355479903519,0.0,4028.0,True,1287.0,valid,1,98d7af905761898d58e62ae86a318241b5a45b5eb8404839a5c6ca97bca5bc2b,"{""benchmarks/work/legalizer-study-q0bb8btz/inputs/placement-70-h2-685.lg"": ""e2c8300cc57c19ca6d24e24fbff74b4260e75159bc631da12f950cdd5b891b60"", ""benchmarks/work/legalizer-study-q0bb8btz/inputs/placement-70-h2-685.opt"": ""fb47cb8466fd5da81e9df6672b19b3ce66d35d08320ee126610830fbb52b3d3c""}","[""--strategy"", ""legacy"", ""--stats""]",c++ (Ubuntu 11.4.0-1ubuntu1~22.04) 11.4.0,Release,
legalizer-generated,Lab03,placement-70-h2-685,repair,,2,,none,0.33696006378158927,0.0,3940.0,True,117.0,valid,1,98d7af905761898d58e62ae86a318241b5a45b5eb8404839a5c6ca97bca5bc2b,"{""benchmarks/work/legalizer-study-q0bb8btz/inputs/placement-70-h2-685.lg"": ""e2c8300cc57c19ca6d24e24fbff74b4260e75159bc631da12f950cdd5b891b60"", ""benchmarks/work/legalizer-study-q0bb8btz/inputs/placement-70-h2-685.opt"": ""fb47cb8466fd5da81e9df6672b19b3ce66d35d08320ee126610830fbb52b3d3c""}","[""--strategy"", ""repair"", ""--stats""]",c++ (Ubuntu 11.4.0-1ubuntu1~22.04) 11.4.0,Release,
legalizer-generated,Lab03,placement-70-h2-685,legacy,,2,,none,0.18108014995232224,0.0,3964.0,True,1287.0,valid,1,98d7af905761898d58e62ae86a318241b5a45b5eb8404839a5c6ca97bca5bc2b,"{""benchmarks/work/legalizer-study-q0bb8btz/inputs/placement-70-h2-685.lg"": ""e2c8300cc57c19ca6d24e24fbff74b4260e75159bc631da12f950cdd5b891b60"", ""benchmarks/work/legalizer-study-q0bb8btz/inputs/placement-70-h2-685.opt"": ""fb47cb8466fd5da81e9df6672b19b3ce66d35d08320ee126610830fbb52b3d3c""}","[""--strategy"", ""legacy"", ""--stats""]",c++ (Ubuntu 11.4.0-1ubuntu1~22.04) 11.4.0,Release,
legalizer-generated,Lab03,placement-70-h2-685,minimum,,2,,none,0.20519948098808527,0.0,3932.0,True,117.0,valid,1,98d7af905761898d58e62ae86a318241b5a45b5eb8404839a5c6ca97bca5bc2b,"{""benchmarks/work/legalizer-study-q0bb8btz/inputs/placement-70-h2-685.lg"": ""e2c8300cc57c19ca6d24e24fbff74b4260e75159bc631da12f950cdd5b891b60"", ""benchmarks/work/legalizer-study-q0bb8btz/inputs/placement-70-h2-685.opt"": ""fb47cb8466fd5da81e9df6672b19b3ce66d35d08320ee126610830fbb52b3d3c""}","[""--strategy"", ""minimum"", ""--stats""]",c++ (Ubuntu 11.4.0-1ubuntu1~22.04) 11.4.0,Release,
legalizer-generated,Lab03,placement-90-h1-704,legacy,,0,,none,0.14144463976845145,0.0,4196.0,True,1167.0,valid,1,98d7af905761898d58e62ae86a318241b5a45b5eb8404839a5c6ca97bca5bc2b,"{""benchmarks/work/legalizer-study-q0bb8btz/inputs/placement-90-h1-704.lg"": ""e9cfe7cb470d29cbb0585414b997403a23dc88b42df327b965c85d2b67dde783"", ""benchmarks/work/legalizer-study-q0bb8btz/inputs/placement-90-h1-704.opt"": ""673b35358cc8feb00192ffeb7ba633aeb3127b72beb7d82cf466d49ab6e8165b""}","[""--strategy"", ""legacy"", ""--stats""]",c++ (Ubuntu 11.4.0-1ubuntu1~22.04) 11.4.0,Release,
legalizer-generated,Lab03,placement-90-h1-704,minimum,,0,,none,0.1669633467681706,0.0,4032.0,True,138.0,valid,1,98d7af905761898d58e62ae86a318241b5a45b5eb8404839a5c6ca97bca5bc2b,"{""benchmarks/work/legalizer-study-q0bb8btz/inputs/placement-90-h1-704.lg"": ""e9cfe7cb470d29cbb0585414b997403a23dc88b42df327b965c85d2b67dde783"", ""benchmarks/work/legalizer-study-q0bb8btz/inputs/placement-90-h1-704.opt"": ""673b35358cc8feb00192ffeb7ba633aeb3127b72beb7d82cf466d49ab6e8165b""}","[""--strategy"", ""minimum"", ""--stats""]",c++ (Ubuntu 11.4.0-1ubuntu1~22.04) 11.4.0,Release,
legalizer-generated,Lab03,placement-90-h1-704,repair,,0,,none,0.15851903660222888,0.0,3980.0,True,141.0,valid,1,98d7af905761898d58e62ae86a318241b5a45b5eb8404839a5c6ca97bca5bc2b,"{""benchmarks/work/legalizer-study-q0bb8btz/inputs/placement-90-h1-704.lg"": ""e9cfe7cb470d29cbb0585414b997403a23dc88b42df327b965c85d2b67dde783"", ""benchmarks/work/legalizer-study-q0bb8btz/inputs/placement-90-h1-704.opt"": ""673b35358cc8feb00192ffeb7ba633aeb3127b72beb7d82cf466d49ab6e8165b""}","[""--strategy"", ""repair"", ""--stats""]",c++ (Ubuntu 11.4.0-1ubuntu1~22.04) 11.4.0,Release,
legalizer-generated,Lab03,placement-90-h1-704,minimum,,1,,none,0.18587984796613455,0.0,4032.0,True,138.0,valid,1,98d7af905761898d58e62ae86a318241b5a45b5eb8404839a5c6ca97bca5bc2b,"{""benchmarks/work/legalizer-study-q0bb8btz/inputs/placement-90-h1-704.lg"": ""e9cfe7cb470d29cbb0585414b997403a23dc88b42df327b965c85d2b67dde783"", ""benchmarks/work/legalizer-study-q0bb8btz/inputs/placement-90-h1-704.opt"": ""673b35358cc8feb00192ffeb7ba633aeb3127b72beb7d82cf466d49ab6e8165b""}","[""--strategy"", ""minimum"", ""--stats""]",c++ (Ubuntu 11.4.0-1ubuntu1~22.04) 11.4.0,Release,
legalizer-generated,Lab03,placement-90-h1-704,repair,,1,,none,0.18493682565167546,0.01,4032.0,True,141.0,valid,1,98d7af905761898d58e62ae86a318241b5a45b5eb8404839a5c6ca97bca5bc2b,"{""benchmarks/work/legalizer-study-q0bb8btz/inputs/placement-90-h1-704.lg"": ""e9cfe7cb470d29cbb0585414b997403a23dc88b42df327b965c85d2b67dde783"", ""benchmarks/work/legalizer-study-q0bb8btz/inputs/placement-90-h1-704.opt"": ""673b35358cc8feb00192ffeb7ba633aeb3127b72beb7d82cf466d49ab6e8165b""}","[""--strategy"", ""repair"", ""--stats""]",c++ (Ubuntu 11.4.0-1ubuntu1~22.04) 11.4.0,Release,
legalizer-generated,Lab03,placement-90-h1-704,legacy,,1,,none,0.16528152814134955,0.0,4192.0,True,1167.0,valid,1,98d7af905761898d58e62ae86a318241b5a45b5eb8404839a5c6ca97bca5bc2b,"{""benchmarks/work/legalizer-study-q0bb8btz/inputs/placement-90-h1-704.lg"": ""e9cfe7cb470d29cbb0585414b997403a23dc88b42df327b965c85d2b67dde783"", ""benchmarks/work/legalizer-study-q0bb8btz/inputs/placement-90-h1-704.opt"": ""673b35358cc8feb00192ffeb7ba633aeb3127b72beb7d82cf466d49ab6e8165b""}","[""--strategy"", ""legacy"", ""--stats""]",c++ (Ubuntu 11.4.0-1ubuntu1~22.04) 11.4.0,Release,
legalizer-generated,Lab03,placement-90-h1-704,repair,,2,,none,0.16876097908243537,0.0,4196.0,True,141.0,valid,1,98d7af905761898d58e62ae86a318241b5a45b5eb8404839a5c6ca97bca5bc2b,"{""benchmarks/work/legalizer-study-q0bb8btz/inputs/placement-90-h1-704.lg"": ""e9cfe7cb470d29cbb0585414b997403a23dc88b42df327b965c85d2b67dde783"", ""benchmarks/work/legalizer-study-q0bb8btz/inputs/placement-90-h1-704.opt"": ""673b35358cc8feb00192ffeb7ba633aeb3127b72beb7d82cf466d49ab6e8165b""}","[""--strategy"", ""repair"", ""--stats""]",c++ (Ubuntu 11.4.0-1ubuntu1~22.04) 11.4.0,Release,
legalizer-generated,Lab03,placement-90-h1-704,legacy,,2,,none,0.19876688811928034,0.0,4040.0,True,1167.0,valid,1,98d7af905761898d58e62ae86a318241b5a45b5eb8404839a5c6ca97bca5bc2b,"{""benchmarks/work/legalizer-study-q0bb8btz/inputs/placement-90-h1-704.lg"": ""e9cfe7cb470d29cbb0585414b997403a23dc88b42df327b965c85d2b67dde783"", ""benchmarks/work/legalizer-study-q0bb8btz/inputs/placement-90-h1-704.opt"": ""673b35358cc8feb00192ffeb7ba633aeb3127b72beb7d82cf466d49ab6e8165b""}","[""--strategy"", ""legacy"", ""--stats""]",c++ (Ubuntu 11.4.0-1ubuntu1~22.04) 11.4.0,Release,
legalizer-generated,Lab03,placement-90-h1-704,minimum,,2,,none,0.17628104286268353,0.0,4044.0,True,138.0,valid,1,98d7af905761898d58e62ae86a318241b5a45b5eb8404839a5c6ca97bca5bc2b,"{""benchmarks/work/legalizer-study-q0bb8btz/inputs/placement-90-h1-704.lg"": ""e9cfe7cb470d29cbb0585414b997403a23dc88b42df327b965c85d2b67dde783"", ""benchmarks/work/legalizer-study-q0bb8btz/inputs/placement-90-h1-704.opt"": ""673b35358cc8feb00192ffeb7ba633aeb3127b72beb7d82cf466d49ab6e8165b""}","[""--strategy"", ""minimum"", ""--stats""]",c++ (Ubuntu 11.4.0-1ubuntu1~22.04) 11.4.0,Release,
legalizer-generated,Lab03,placement-90-h2-705,legacy,,0,,none,0.22403873596340418,0.0,3932.0,True,1336.0,valid,1,98d7af905761898d58e62ae86a318241b5a45b5eb8404839a5c6ca97bca5bc2b,"{""benchmarks/work/legalizer-study-q0bb8btz/inputs/placement-90-h2-705.lg"": ""af25206b3a6002ecb66f2752bbd5661e5d4e4f5d569afd1d13df698f2242148b"", ""benchmarks/work/legalizer-study-q0bb8btz/inputs/placement-90-h2-705.opt"": ""a3d93a97df28ac3374c053a9be028c3e18b21d6cfc0f04788b7d2e2272df4b52""}","[""--strategy"", ""legacy"", ""--stats""]",c++ (Ubuntu 11.4.0-1ubuntu1~22.04) 11.4.0,Release,
legalizer-generated,Lab03,placement-90-h2-705,minimum,,0,,none,0.16949688596650958,0.0,3944.0,True,246.0,valid,1,98d7af905761898d58e62ae86a318241b5a45b5eb8404839a5c6ca97bca5bc2b,"{""benchmarks/work/legalizer-study-q0bb8btz/inputs/placement-90-h2-705.lg"": ""af25206b3a6002ecb66f2752bbd5661e5d4e4f5d569afd1d13df698f2242148b"", ""benchmarks/work/legalizer-study-q0bb8btz/inputs/placement-90-h2-705.opt"": ""a3d93a97df28ac3374c053a9be028c3e18b21d6cfc0f04788b7d2e2272df4b52""}","[""--strategy"", ""minimum"", ""--stats""]",c++ (Ubuntu 11.4.0-1ubuntu1~22.04) 11.4.0,Release,
legalizer-generated,Lab03,placement-90-h2-705,repair,,0,,none,0.19341039704158902,0.01,4088.0,True,237.0,valid,1,98d7af905761898d58e62ae86a318241b5a45b5eb8404839a5c6ca97bca5bc2b,"{""benchmarks/work/legalizer-study-q0bb8btz/inputs/placement-90-h2-705.lg"": ""af25206b3a6002ecb66f2752bbd5661e5d4e4f5d569afd1d13df698f2242148b"", ""benchmarks/work/legalizer-study-q0bb8btz/inputs/placement-90-h2-705.opt"": ""a3d93a97df28ac3374c053a9be028c3e18b21d6cfc0f04788b7d2e2272df4b52""}","[""--strategy"", ""repair"", ""--stats""]",c++ (Ubuntu 11.4.0-1ubuntu1~22.04) 11.4.0,Release,
legalizer-generated,Lab03,placement-90-h2-705,minimum,,1,,none,0.15552646992728114,0.0,3940.0,True,246.0,valid,1,98d7af905761898d58e62ae86a318241b5a45b5eb8404839a5c6ca97bca5bc2b,"{""benchmarks/work/legalizer-study-q0bb8btz/inputs/placement-90-h2-705.lg"": ""af25206b3a6002ecb66f2752bbd5661e5d4e4f5d569afd1d13df698f2242148b"", ""benchmarks/work/legalizer-study-q0bb8btz/inputs/placement-90-h2-705.opt"": ""a3d93a97df28ac3374c053a9be028c3e18b21d6cfc0f04788b7d2e2272df4b52""}","[""--strategy"", ""minimum"", ""--stats""]",c++ (Ubuntu 11.4.0-1ubuntu1~22.04) 11.4.0,Release,
legalizer-generated,Lab03,placement-90-h2-705,repair,,1,,none,0.20960861397907138,0.01,3952.0,True,237.0,valid,1,98d7af905761898d58e62ae86a318241b5a45b5eb8404839a5c6ca97bca5bc2b,"{""benchmarks/work/legalizer-study-q0bb8btz/inputs/placement-90-h2-705.lg"": ""af25206b3a6002ecb66f2752bbd5661e5d4e4f5d569afd1d13df698f2242148b"", ""benchmarks/work/legalizer-study-q0bb8btz/inputs/placement-90-h2-705.opt"": ""a3d93a97df28ac3374c053a9be028c3e18b21d6cfc0f04788b7d2e2272df4b52""}","[""--strategy"", ""repair"", ""--stats""]",c++ (Ubuntu 11.4.0-1ubuntu1~22.04) 11.4.0,Release,
legalizer-generated,Lab03,placement-90-h2-705,legacy,,1,,none,0.236698929220438,0.0,3936.0,True,1336.0,valid,1,98d7af905761898d58e62ae86a318241b5a45b5eb8404839a5c6ca97bca5bc2b,"{""benchmarks/work/legalizer-study-q0bb8btz/inputs/placement-90-h2-705.lg"": ""af25206b3a6002ecb66f2752bbd5661e5d4e4f5d569afd1d13df698f2242148b"", ""benchmarks/work/legalizer-study-q0bb8btz/inputs/placement-90-h2-705.opt"": ""a3d93a97df28ac3374c053a9be028c3e18b21d6cfc0f04788b7d2e2272df4b52""}","[""--strategy"", ""legacy"", ""--stats""]",c++ (Ubuntu 11.4.0-1ubuntu1~22.04) 11.4.0,Release,
legalizer-generated,Lab03,placement-90-h2-705,repair,,2,,none,0.3975923852995038,0.01,3932.0,True,237.0,valid,1,98d7af905761898d58e62ae86a318241b5a45b5eb8404839a5c6ca97bca5bc2b,"{""benchmarks/work/legalizer-study-q0bb8btz/inputs/placement-90-h2-705.lg"": ""af25206b3a6002ecb66f2752bbd5661e5d4e4f5d569afd1d13df698f2242148b"", ""benchmarks/work/legalizer-study-q0bb8btz/inputs/placement-90-h2-705.opt"": ""a3d93a97df28ac3374c053a9be028c3e18b21d6cfc0f04788b7d2e2272df4b52""}","[""--strategy"", ""repair"", ""--stats""]",c++ (Ubuntu 11.4.0-1ubuntu1~22.04) 11.4.0,Release,
legalizer-generated,Lab03,placement-90-h2-705,legacy,,2,,none,0.3675869000144303,0.0,3944.0,True,1336.0,valid,1,98d7af905761898d58e62ae86a318241b5a45b5eb8404839a5c6ca97bca5bc2b,"{""benchmarks/work/legalizer-study-q0bb8btz/inputs/placement-90-h2-705.lg"": ""af25206b3a6002ecb66f2752bbd5661e5d4e4f5d569afd1d13df698f2242148b"", ""benchmarks/work/legalizer-study-q0bb8btz/inputs/placement-90-h2-705.opt"": ""a3d93a97df28ac3374c053a9be028c3e18b21d6cfc0f04788b7d2e2272df4b52""}","[""--strategy"", ""legacy"", ""--stats""]",c++ (Ubuntu 11.4.0-1ubuntu1~22.04) 11.4.0,Release,
legalizer-generated,Lab03,placement-90-h2-705,minimum,,2,,none,0.39908128092065454,0.0,3944.0,True,246.0,valid,1,98d7af905761898d58e62ae86a318241b5a45b5eb8404839a5c6ca97bca5bc2b,"{""benchmarks/work/legalizer-study-q0bb8btz/inputs/placement-90-h2-705.lg"": ""af25206b3a6002ecb66f2752bbd5661e5d4e4f5d569afd1d13df698f2242148b"", ""benchmarks/work/legalizer-study-q0bb8btz/inputs/placement-90-h2-705.opt"": ""a3d93a97df28ac3374c053a9be028c3e18b21d6cfc0f04788b7d2e2272df4b52""}","[""--strategy"", ""minimum"", ""--stats""]",c++ (Ubuntu 11.4.0-1ubuntu1~22.04) 11.4.0,Release,
